country,Year,DCI
Belgium,1816,NA
Belgium,1817,NA
Belgium,1818,NA
Belgium,1819,NA
Belgium,1820,NA
Belgium,1821,NA
Belgium,1822,NA
Belgium,1823,NA
Belgium,1824,NA
Belgium,1825,NA
Belgium,1826,NA
Belgium,1827,NA
Belgium,1828,NA
Belgium,1829,NA
Belgium,1830,0.862726359
Belgium,1831,0.85190115
Belgium,1832,0.839378743
Belgium,1833,0.823962473
Belgium,1834,0.805108301
Belgium,1835,0.8049239
Belgium,1836,0.804404706
Belgium,1837,0.836653264
Belgium,1838,0.839206229
Belgium,1839,0.846913049
Belgium,1840,0.838185481
Belgium,1841,0.829981742
Belgium,1842,0.819453231
Belgium,1843,0.809790189
Belgium,1844,0.809116186
Belgium,1845,0.808495328
Belgium,1846,0.807925963
Belgium,1847,0.807911058
Belgium,1848,0.809949635
Belgium,1849,0.81191806
Belgium,1850,0.813452265
Belgium,1851,0.814914247
Belgium,1852,0.816379891
Belgium,1853,0.817936783
Belgium,1854,0.819399953
Belgium,1855,0.821013628
Belgium,1856,0.822131018
Belgium,1857,0.821440795
Belgium,1858,0.820787113
Belgium,1859,0.820112952
Belgium,1860,0.81926763
Belgium,1861,0.818584051
Belgium,1862,0.817841558
Belgium,1863,0.817095487
Belgium,1864,0.81647687
Belgium,1865,0.81590385
Belgium,1866,0.817962389
Belgium,1867,0.817029352
Belgium,1868,0.816189629
Belgium,1869,0.815426481
Belgium,1870,0.814572276
Belgium,1871,0.814244274
Belgium,1872,0.813482206
Belgium,1873,0.812510488
Belgium,1874,0.811507514
Belgium,1875,0.816158195
Belgium,1876,0.82203363
Belgium,1877,0.821107562
Belgium,1878,0.820349301
Belgium,1879,0.81964763
Belgium,1880,0.819845545
Belgium,1881,0.819081054
Belgium,1882,0.81829284
Belgium,1883,0.815904348
Belgium,1884,0.818445522
Belgium,1885,0.816091004
Belgium,1886,0.813832144
Belgium,1887,0.813137026
Belgium,1888,0.817366513
Belgium,1889,0.816693788
Belgium,1890,0.812147001
Belgium,1891,0.817791743
Belgium,1892,0.820158567
Belgium,1893,0.813400828
Belgium,1894,0.812598078
Belgium,1895,0.811914991
Belgium,1896,0.812645752
Belgium,1897,0.813296271
Belgium,1898,0.809424259
Belgium,1899,0.811804372
Belgium,1900,0.815240595
Belgium,1901,0.809771048
Belgium,1902,0.81041559
Belgium,1903,0.804954778
Belgium,1904,0.800885126
Belgium,1905,0.800139058
Belgium,1906,0.799471227
Belgium,1907,0.798803196
Belgium,1908,0.801498994
Belgium,1909,0.800950868
Belgium,1910,0.804306822
Belgium,1911,0.802215443
Belgium,1912,0.801552906
Belgium,1913,0.802545145
Belgium,1914,0.866158416
Belgium,1915,0.888264692
Belgium,1916,0.902463657
Belgium,1917,0.904825593
Belgium,1918,0.911067795
Belgium,1919,0.911919321
Belgium,1920,0.890991843
Belgium,1921,0.857672303
Belgium,1922,0.868676919
Belgium,1923,0.877481059
Belgium,1924,0.841394389
Belgium,1925,0.84033179
Belgium,1926,0.840702032
Belgium,1927,0.823496939
Belgium,1928,0.821821861
Belgium,1929,0.82358779
Belgium,1930,0.8254843
Belgium,1931,0.821724653
Belgium,1932,0.8224071
Belgium,1933,0.821045153
Belgium,1934,0.82300714
Belgium,1935,0.822825586
Belgium,1936,0.821513587
Belgium,1937,0.826526268
Belgium,1938,0.84256552
Belgium,1939,0.838338634
Belgium,1940,0.836494667
Belgium,1941,NA
Belgium,1942,NA
Belgium,1943,NA
Belgium,1944,NA
Belgium,1945,0.834322603
Belgium,1946,0.833066078
Belgium,1947,0.828368316
Belgium,1948,0.824054713
Belgium,1949,0.822609095
Belgium,1950,0.826462243
Belgium,1951,0.829063733
Belgium,1952,0.832361729
Belgium,1953,0.836359051
Belgium,1954,0.840160181
Belgium,1955,0.842157829
Belgium,1956,0.844774719
Belgium,1957,0.846493644
Belgium,1958,0.849535507
Belgium,1959,0.850526733
Belgium,1960,0.851508427
Belgium,1961,0.851060522
Belgium,1962,0.851032646
Belgium,1963,0.853764112
Belgium,1964,0.853157294
Belgium,1965,0.85257053
Belgium,1966,0.852137814
Belgium,1967,0.851781982
Belgium,1968,0.85152824
Belgium,1969,0.851348645
Belgium,1970,0.848081051
Belgium,1971,0.847968806
Belgium,1972,0.844383006
Belgium,1973,0.845551577
Belgium,1974,0.843998295
Belgium,1975,0.842439591
Belgium,1976,0.84233621
Belgium,1977,0.84500567
Belgium,1978,0.846285907
Belgium,1979,0.844908749
Belgium,1980,0.845513203
Belgium,1981,0.846800463
Belgium,1982,0.84611792
Belgium,1983,0.84611792
Belgium,1984,0.844792666
Belgium,1985,0.844773343
Belgium,1986,0.844747589
Belgium,1987,0.846027676
Belgium,1988,0.846478444
Belgium,1989,0.84624774
Belgium,1990,0.843401113
Belgium,1991,0.839853439
Belgium,1992,0.821734283
Belgium,1993,0.812873142
Belgium,1994,0.792711548
Belgium,1995,0.783965815
Belgium,1996,0.78071774
Belgium,1997,0.782127032
Belgium,1998,0.777559456
Belgium,1999,0.77580753
Belgium,2000,0.770438365
Belgium,2001,0.769724021
Belgium,2002,0.769465718
Belgium,2003,0.772830826
Belgium,2004,0.767136931
Belgium,2005,0.762956786
Belgium,2006,0.764541098
Belgium,2007,0.769677812
Belgium,2008,0.746846311
Belgium,2009,0.747261921
Belgium,2010,0.740210497
Belgium,2011,0.736334998
Belgium,2012,0.729134771
Belgium,2013,0.742121875
Belgium,2014,0.742086089
Canada,1816,NA
Canada,1817,NA
Canada,1818,NA
Canada,1819,NA
Canada,1820,NA
Canada,1821,NA
Canada,1822,NA
Canada,1823,NA
Canada,1824,NA
Canada,1825,NA
Canada,1826,NA
Canada,1827,NA
Canada,1828,NA
Canada,1829,NA
Canada,1830,NA
Canada,1831,NA
Canada,1832,NA
Canada,1833,NA
Canada,1834,NA
Canada,1835,NA
Canada,1836,NA
Canada,1837,NA
Canada,1838,NA
Canada,1839,NA
Canada,1840,NA
Canada,1841,NA
Canada,1842,NA
Canada,1843,NA
Canada,1844,NA
Canada,1845,NA
Canada,1846,NA
Canada,1847,NA
Canada,1848,NA
Canada,1849,NA
Canada,1850,NA
Canada,1851,NA
Canada,1852,NA
Canada,1853,NA
Canada,1854,NA
Canada,1855,NA
Canada,1856,NA
Canada,1857,NA
Canada,1858,NA
Canada,1859,NA
Canada,1860,NA
Canada,1861,NA
Canada,1862,NA
Canada,1863,NA
Canada,1864,NA
Canada,1865,NA
Canada,1866,NA
Canada,1867,NA
Canada,1868,NA
Canada,1869,NA
Canada,1870,NA
Canada,1871,NA
Canada,1872,NA
Canada,1873,NA
Canada,1874,NA
Canada,1875,NA
Canada,1876,NA
Canada,1877,NA
Canada,1878,NA
Canada,1879,NA
Canada,1880,NA
Canada,1881,NA
Canada,1882,NA
Canada,1883,NA
Canada,1884,NA
Canada,1885,NA
Canada,1886,NA
Canada,1887,NA
Canada,1888,NA
Canada,1889,NA
Canada,1890,NA
Canada,1891,NA
Canada,1892,NA
Canada,1893,NA
Canada,1894,NA
Canada,1895,NA
Canada,1896,NA
Canada,1897,NA
Canada,1898,NA
Canada,1899,NA
Canada,1900,NA
Canada,1901,NA
Canada,1902,NA
Canada,1903,NA
Canada,1904,NA
Canada,1905,NA
Canada,1906,NA
Canada,1907,NA
Canada,1908,NA
Canada,1909,NA
Canada,1910,NA
Canada,1911,NA
Canada,1912,NA
Canada,1913,NA
Canada,1914,NA
Canada,1915,NA
Canada,1916,NA
Canada,1917,NA
Canada,1918,NA
Canada,1919,NA
Canada,1920,0.615097087
Canada,1921,0.613829955
Canada,1922,0.613131268
Canada,1923,0.6126528
Canada,1924,0.611963363
Canada,1925,0.611194399
Canada,1926,0.610409896
Canada,1927,0.60949956
Canada,1928,0.624600928
Canada,1929,0.607645144
Canada,1930,0.622831488
Canada,1931,0.635116236
Canada,1932,0.621452182
Canada,1933,0.620903342
Canada,1934,0.620427384
Canada,1935,0.604037636
Canada,1936,0.632533824
Canada,1937,0.632120623
Canada,1938,0.631660063
Canada,1939,0.631170665
Canada,1940,0.719854279
Canada,1941,0.903474047
Canada,1942,0.927967741
Canada,1943,0.970816606
Canada,1944,0.968746672
Canada,1945,0.974770826
Canada,1946,0.771226962
Canada,1947,0.765267348
Canada,1948,0.757461439
Canada,1949,0.767509376
Canada,1950,0.763365746
Canada,1951,0.784571639
Canada,1952,0.817605812
Canada,1953,0.817375376
Canada,1954,0.818253364
Canada,1955,0.819226152
Canada,1956,0.820216666
Canada,1957,0.821131505
Canada,1958,0.81842076
Canada,1959,0.817625864
Canada,1960,0.81690911
Canada,1961,0.817523805
Canada,1962,0.816323132
Canada,1963,0.812978102
Canada,1964,0.81187733
Canada,1965,0.810823335
Canada,1966,0.80378842
Canada,1967,0.799574475
Canada,1968,0.798693292
Canada,1969,0.794548894
Canada,1970,0.79033291
Canada,1971,0.7785661
Canada,1972,0.784271826
Canada,1973,0.777268532
Canada,1974,0.776501971
Canada,1975,0.772311374
Canada,1976,0.77158609
Canada,1977,0.77094529
Canada,1978,0.77126052
Canada,1979,0.770720249
Canada,1980,0.772531954
Canada,1981,0.771030925
Canada,1982,0.770382439
Canada,1983,0.769843285
Canada,1984,0.770154864
Canada,1985,0.770473483
Canada,1986,0.771533841
Canada,1987,0.771597093
Canada,1988,0.772429334
Canada,1989,0.771449264
Canada,1990,0.769866329
Canada,1991,0.768453157
Canada,1992,0.764609045
Canada,1993,0.758922676
Canada,1994,0.757425446
Canada,1995,0.752247455
Canada,1996,0.747759561
Canada,1997,0.74193218
Canada,1998,0.739875518
Canada,1999,0.73938056
Canada,2000,0.73778131
Canada,2001,0.735699253
Canada,2002,0.729025264
Canada,2003,0.728536116
Canada,2004,0.734113307
Canada,2005,0.73917964
Canada,2006,0.738645698
Canada,2007,0.739192173
Canada,2008,0.72522778
Canada,2009,0.726351957
Canada,2010,0.72583322
Canada,2011,0.725392173
Canada,2012,0.725144665
Canada,2013,0.7243498
Canada,2014,0.727928922
Denmark,1816,0.870509152
Denmark,1817,0.867314981
Denmark,1818,0.864002899
Denmark,1819,0.860650288
Denmark,1820,0.857168673
Denmark,1821,0.85054478
Denmark,1822,0.856011047
Denmark,1823,0.861056993
Denmark,1824,0.885971411
Denmark,1825,0.885371609
Denmark,1826,0.88477731
Denmark,1827,0.884149352
Denmark,1828,0.883566132
Denmark,1829,0.882949785
Denmark,1830,0.882339276
Denmark,1831,0.881734502
Denmark,1832,0.881135363
Denmark,1833,0.880541761
Denmark,1834,0.86234728
Denmark,1835,0.879370794
Denmark,1836,0.878793245
Denmark,1837,0.874172128
Denmark,1838,0.869348055
Denmark,1839,0.864263101
Denmark,1840,0.883986552
Denmark,1841,0.869640179
Denmark,1842,0.852470187
Denmark,1843,0.82771789
Denmark,1844,0.830482354
Denmark,1845,0.83623446
Denmark,1846,0.838675758
Denmark,1847,0.838085235
Denmark,1848,0.837500403
Denmark,1849,0.870421968
Denmark,1850,0.833260049
Denmark,1851,0.832487093
Denmark,1852,0.831723947
Denmark,1853,0.830941586
Denmark,1854,0.830169305
Denmark,1855,0.826274746
Denmark,1856,0.825524633
Denmark,1857,0.824783871
Denmark,1858,0.824052243
Denmark,1859,0.823329541
Denmark,1860,0.822589286
Denmark,1861,0.821858195
Denmark,1862,0.821110432
Denmark,1863,0.820372049
Denmark,1864,0.872443644
Denmark,1865,0.886489484
Denmark,1866,0.896566135
Denmark,1867,0.901219024
Denmark,1868,0.908807015
Denmark,1869,0.885931581
Denmark,1870,0.885507282
Denmark,1871,0.882539788
Denmark,1872,0.884250754
Denmark,1873,0.883426384
Denmark,1874,0.882612375
Denmark,1875,0.809442389
Denmark,1876,0.80870664
Denmark,1877,0.807619831
Denmark,1878,0.77639613
Denmark,1879,0.726401974
Denmark,1880,0.725771028
Denmark,1881,0.725458328
Denmark,1882,0.724838371
Denmark,1883,0.724225544
Denmark,1884,0.723619694
Denmark,1885,0.746016543
Denmark,1886,0.771173869
Denmark,1887,0.790049923
Denmark,1888,0.805105946
Denmark,1889,0.809086654
Denmark,1890,0.808456837
Denmark,1891,0.803535704
Denmark,1892,0.792834596
Denmark,1893,0.792231877
Denmark,1894,0.791635401
Denmark,1895,0.772818096
Denmark,1896,0.771967038
Denmark,1897,0.794201537
Denmark,1898,0.770302765
Denmark,1899,0.76948886
Denmark,1900,0.761729201
Denmark,1901,0.76094524
Denmark,1902,0.760172289
Denmark,1903,0.759410063
Denmark,1904,0.758658285
Denmark,1905,0.758162774
Denmark,1906,0.757427828
Denmark,1907,0.756702646
Denmark,1908,0.762655976
Denmark,1909,0.779640143
Denmark,1910,0.778687697
Denmark,1911,0.777983873
Denmark,1912,0.777288822
Denmark,1913,0.776602343
Denmark,1914,0.775700033
Denmark,1915,0.775032804
Denmark,1916,0.779238586
Denmark,1917,0.778585559
Denmark,1918,0.777726633
Denmark,1919,0.777091063
Denmark,1920,0.776254834
Denmark,1921,0.767214421
Denmark,1922,0.755289053
Denmark,1923,0.754548476
Denmark,1924,0.759771745
Denmark,1925,0.759224594
Denmark,1926,0.758682962
Denmark,1927,0.75256331
Denmark,1928,0.757792227
Denmark,1929,0.745468797
Denmark,1930,0.738369904
Denmark,1931,0.737861595
Denmark,1932,0.737358197
Denmark,1933,0.736859622
Denmark,1934,0.728824389
Denmark,1935,0.72850188
Denmark,1936,0.742120353
Denmark,1937,0.741636053
Denmark,1938,0.734436147
Denmark,1939,0.740838743
Denmark,1940,0.746541735
Denmark,1941,NA
Denmark,1942,NA
Denmark,1943,NA
Denmark,1944,NA
Denmark,1945,0.743323479
Denmark,1946,0.748127125
Denmark,1947,0.747396364
Denmark,1948,0.746819028
Denmark,1949,0.756472088
Denmark,1950,0.764911683
Denmark,1951,0.789543855
Denmark,1952,0.789075333
Denmark,1953,0.788596327
Denmark,1954,0.788049883
Denmark,1955,0.787593916
Denmark,1956,0.812868089
Denmark,1957,0.812549357
Denmark,1958,0.805333404
Denmark,1959,0.804879825
Denmark,1960,0.804401911
Denmark,1961,0.829930347
Denmark,1962,0.832708565
Denmark,1963,0.82888016
Denmark,1964,0.828376146
Denmark,1965,0.835844027
Denmark,1966,0.835330611
Denmark,1967,0.834766993
Denmark,1968,0.826390005
Denmark,1969,0.82604108
Denmark,1970,0.825534937
Denmark,1971,0.825085866
Denmark,1972,0.824705624
Denmark,1973,0.813500275
Denmark,1974,0.805031018
Denmark,1975,0.802652507
Denmark,1976,0.795513931
Denmark,1977,0.797725113
Denmark,1978,0.799849716
Denmark,1979,0.799688854
Denmark,1980,0.799614768
Denmark,1981,0.799627109
Denmark,1982,0.797354294
Denmark,1983,0.792532858
Denmark,1984,0.795032107
Denmark,1985,0.789974302
Denmark,1986,0.787240752
Denmark,1987,0.787167829
Denmark,1988,0.792337081
Denmark,1989,0.794774412
Denmark,1990,0.794688783
Denmark,1991,0.792044728
Denmark,1992,0.786648068
Denmark,1993,0.783678329
Denmark,1994,0.786228666
Denmark,1995,0.783214709
Denmark,1996,0.785552538
Denmark,1997,0.787935656
Denmark,1998,0.776924735
Denmark,1999,0.782579302
Denmark,2000,0.76703494
Denmark,2001,0.762786077
Denmark,2002,0.769457818
Denmark,2003,0.769311138
Denmark,2004,0.765812616
Denmark,2005,0.762149338
Denmark,2006,0.761938803
Denmark,2007,0.765189838
Denmark,2008,0.763227256
Denmark,2009,0.730204321
Denmark,2010,0.729686278
Denmark,2011,0.720863966
Denmark,2012,0.723764024
Denmark,2013,0.723555098
Denmark,2014,0.723301155
France,1816,0.794303281
France,1817,0.793384293
France,1818,0.796516546
France,1819,0.814606658
France,1820,0.823134773
France,1821,0.819480053
France,1822,0.832628242
France,1823,0.835640498
France,1824,0.830610378
France,1825,0.829647285
France,1826,0.829300058
France,1827,0.828937101
France,1828,0.831316587
France,1829,0.835475355
France,1830,0.833797109
France,1831,0.857594456
France,1832,0.845270366
France,1833,0.842381355
France,1834,0.834575497
France,1835,0.839480627
France,1836,0.840128043
France,1837,0.842727832
France,1838,0.841906699
France,1839,0.840774609
France,1840,0.866714976
France,1841,0.8717128
France,1842,0.864876285
France,1843,0.858033028
France,1844,0.851359529
France,1845,0.850190486
France,1846,0.855276212
France,1847,0.856170449
France,1848,0.854907251
France,1849,0.866945969
France,1850,0.863024534
France,1851,0.856948252
France,1852,0.855878665
France,1853,0.860010414
France,1854,0.862184654
France,1855,0.887586527
France,1856,0.887401224
France,1857,0.874057275
France,1858,0.86003361
France,1859,0.865377318
France,1860,0.882983274
France,1861,0.87228646
France,1862,0.871077572
France,1863,0.867279614
France,1864,0.866241123
France,1865,0.864905466
France,1866,0.861873915
France,1867,0.862069877
France,1868,0.864969875
France,1869,0.863645249
France,1870,0.860455519
France,1871,0.916236824
France,1872,0.868463959
France,1873,0.874734077
France,1874,0.866653497
France,1875,0.867884529
France,1876,0.869741109
France,1877,0.872288491
France,1878,0.874461889
France,1879,0.872024478
France,1880,0.874149375
France,1881,0.877902777
France,1882,0.87880435
France,1883,0.87003354
France,1884,0.871056313
France,1885,0.870021755
France,1886,0.871946501
France,1887,0.869788027
France,1888,0.87576733
France,1889,0.87790537
France,1890,0.878663651
France,1891,0.879692451
France,1892,0.879784964
France,1893,0.880184584
France,1894,0.877938349
France,1895,0.877430358
France,1896,0.880240085
France,1897,0.881066006
France,1898,0.884058377
France,1899,0.883949644
France,1900,0.880483682
France,1901,0.878497141
France,1902,0.879144732
France,1903,0.879464866
France,1904,0.877411143
France,1905,0.880577733
France,1906,0.881434846
France,1907,0.879765662
France,1908,0.879613004
France,1909,0.881805318
France,1910,0.882750189
France,1911,0.881209588
France,1912,0.881542331
France,1913,0.880365039
France,1914,0.905968727
France,1915,1.027696946
France,1916,1.032220473
France,1917,1.031464256
France,1918,1.032477168
France,1919,0.981122655
France,1920,0.936196149
France,1921,0.87172307
France,1922,0.871211255
France,1923,0.866312868
France,1924,0.861456907
France,1925,0.8604743
France,1926,0.859548495
France,1927,0.862558287
France,1928,0.859013698
France,1929,0.850150772
France,1930,0.849619766
France,1931,0.853862304
France,1932,0.850993766
France,1933,0.854991635
France,1934,0.856200902
France,1935,0.867899037
France,1936,0.872529806
France,1937,0.875213326
France,1938,0.871679142
France,1939,0.871763933
France,1940,1.013442717
France,1941,0.949398757
France,1942,NA
France,1943,NA
France,1944,0.87596223
France,1945,0.87463304
France,1946,0.873768599
France,1947,0.873464526
France,1948,0.872538225
France,1949,0.873256549
France,1950,0.873547617
France,1951,0.875774241
France,1952,0.878920041
France,1953,0.882739866
France,1954,0.886317762
France,1955,0.890592998
France,1956,0.894251004
France,1957,0.897792056
France,1958,0.900463658
France,1959,0.901911796
France,1960,0.903436675
France,1961,0.879941112
France,1962,0.877516127
France,1963,0.879186932
France,1964,0.874501376
France,1965,0.86331131
France,1966,0.862276172
France,1967,0.863469901
France,1968,0.860278351
France,1969,0.859815665
France,1970,0.85929796
France,1971,0.858187513
France,1972,0.857108475
France,1973,0.85899865
France,1974,0.859041671
France,1975,0.858815084
France,1976,0.858586237
France,1977,0.858220544
France,1978,0.85764104
France,1979,0.857062295
France,1980,0.856436365
France,1981,0.856116075
France,1982,0.856135231
France,1983,0.855875226
France,1984,0.854784791
France,1985,0.853614902
France,1986,0.852773694
France,1987,0.852604836
France,1988,0.852191359
France,1989,0.851883036
France,1990,0.851110074
France,1991,0.850790754
France,1992,0.849076756
France,1993,0.844415897
France,1994,0.844176212
France,1995,0.843691887
France,1996,0.843083521
France,1997,0.839464046
France,1998,0.835803907
France,1999,0.831508738
France,2000,0.808452793
France,2001,0.803626236
France,2002,0.799920581
France,2003,0.799319422
France,2004,0.798244541
France,2005,0.797437287
France,2006,0.797377119
France,2007,0.797071747
France,2008,0.7979907
France,2009,0.795867182
France,2010,0.795634412
France,2011,0.793700609
France,2012,0.79227709
France,2013,0.790732049
France,2014,0.789228091
Italy,1816,0.776980735
Italy,1817,0.831937614
Italy,1818,0.831303675
Italy,1819,0.830693906
Italy,1820,0.833926354
Italy,1821,0.836959397
Italy,1822,0.856669139
Italy,1823,0.772931337
Italy,1824,0.799339637
Italy,1825,0.798754814
Italy,1826,0.798160509
Italy,1827,0.797557097
Italy,1828,0.807558702
Italy,1829,0.806960482
Italy,1830,0.806353478
Italy,1831,0.80575298
Italy,1832,0.805158859
Italy,1833,0.80455637
Italy,1834,0.803859185
Italy,1835,0.818672305
Italy,1836,0.817951114
Italy,1837,0.817224851
Italy,1838,0.816507808
Italy,1839,0.81018711
Italy,1840,0.816368274
Italy,1841,0.810048768
Italy,1842,0.800757387
Italy,1843,0.792955234
Italy,1844,0.792874249
Italy,1845,0.792110802
Italy,1846,0.801458173
Italy,1847,0.809604553
Italy,1848,0.859152446
Italy,1849,0.85898689
Italy,1850,0.818345307
Italy,1851,0.840398879
Italy,1852,0.840224704
Italy,1853,0.834354209
Italy,1854,0.834182165
Italy,1855,0.836931685
Italy,1856,0.835320387
Italy,1857,0.833682211
Italy,1858,0.833512172
Italy,1859,0.836261305
Italy,1860,0.828498518
Italy,1861,0.834027822
Italy,1862,0.82798337
Italy,1863,0.854308146
Italy,1864,0.872817898
Italy,1865,0.83459336
Italy,1866,0.841376903
Italy,1867,0.876421786
Italy,1868,0.856470197
Italy,1869,0.831523581
Italy,1870,0.820213501
Italy,1871,0.867571918
Italy,1872,0.81837085
Italy,1873,0.81241876
Italy,1874,0.818410949
Italy,1875,0.818827359
Italy,1876,0.809263199
Italy,1877,0.807196114
Italy,1878,0.826208004
Italy,1879,0.812821217
Italy,1880,0.812477362
Italy,1881,0.812135849
Italy,1882,0.809746246
Italy,1883,0.809742407
Italy,1884,0.830246754
Italy,1885,0.830719906
Italy,1886,0.830599026
Italy,1887,0.831061919
Italy,1888,0.832649715
Italy,1889,0.837357638
Italy,1890,0.837211235
Italy,1891,0.83884733
Italy,1892,0.832135393
Italy,1893,0.83779805
Italy,1894,0.833784507
Italy,1895,0.8275696
Italy,1896,0.826310318
Italy,1897,0.831823436
Italy,1898,0.848195635
Italy,1899,0.835476432
Italy,1900,0.834595744
Italy,1901,0.834275068
Italy,1902,0.837420197
Italy,1903,0.835735664
Italy,1904,0.833664229
Italy,1905,0.834118287
Italy,1906,0.834140944
Italy,1907,0.820714981
Italy,1908,0.822612936
Italy,1909,0.828695374
Italy,1910,0.828523562
Italy,1911,0.837515964
Italy,1912,0.857571733
Italy,1913,0.835616128
Italy,1914,0.846548859
Italy,1915,0.991503216
Italy,1916,0.990910997
Italy,1917,0.991003145
Italy,1918,0.991708153
Italy,1919,0.962035852
Italy,1920,0.90446402
Italy,1921,0.832082109
Italy,1922,0.83196933
Italy,1923,0.835876825
Italy,1924,0.848579282
Italy,1925,0.832403526
Italy,1926,0.835718815
Italy,1927,0.83542038
Italy,1928,0.834672719
Italy,1929,0.83375161
Italy,1930,0.83690182
Italy,1931,0.83257142
Italy,1932,0.83993275
Italy,1933,0.841088518
Italy,1934,0.840433228
Italy,1935,0.927022608
Italy,1936,0.836015972
Italy,1937,0.855525602
Italy,1938,0.857814486
Italy,1939,0.868848301
Italy,1940,0.935337919
Italy,1941,NA
Italy,1942,0.988298453
Italy,1943,0.937472936
Italy,1944,0.820995486
Italy,1945,0.819186396
Italy,1946,0.81496079
Italy,1947,0.81934789
Italy,1948,0.825137202
Italy,1949,0.828758405
Italy,1950,0.806370086
Italy,1951,0.825956403
Italy,1952,0.826665504
Italy,1953,0.827311408
Italy,1954,0.823912419
Italy,1955,0.824140654
Italy,1956,0.824217785
Italy,1957,0.824123139
Italy,1958,0.823792016
Italy,1959,0.82452026
Italy,1960,0.822984873
Italy,1961,0.847149857
Italy,1962,0.846764713
Italy,1963,0.852227304
Italy,1964,0.860492772
Italy,1965,0.844022924
Italy,1966,0.839995624
Italy,1967,0.838846695
Italy,1968,0.838490613
Italy,1969,0.83891386
Italy,1970,0.838616503
Italy,1971,0.838355168
Italy,1972,0.848223466
Italy,1973,0.852439216
Italy,1974,0.850409748
Italy,1975,0.840389661
Italy,1976,0.839550004
Italy,1977,0.842061835
Italy,1978,0.843717636
Italy,1979,0.843684854
Italy,1980,0.844859725
Italy,1981,0.845421501
Italy,1982,0.846790943
Italy,1983,0.844203507
Italy,1984,0.84530569
Italy,1985,0.844666621
Italy,1986,0.847653508
Italy,1987,0.844465823
Italy,1988,0.844624362
Italy,1989,0.844526383
Italy,1990,0.842748389
Italy,1991,0.840998275
Italy,1992,0.840620937
Italy,1993,0.837521631
Italy,1994,0.835352378
Italy,1995,0.835111352
Italy,1996,0.834444962
Italy,1997,0.832504434
Italy,1998,0.83000983
Italy,1999,0.828264096
Italy,2000,0.800014454
Italy,2001,0.794736028
Italy,2002,0.790559097
Italy,2003,0.785235503
Italy,2004,0.783104066
Italy,2005,0.781395766
Italy,2006,0.781099042
Italy,2007,0.780716298
Italy,2008,0.814850198
Italy,2009,0.797490093
Italy,2010,0.802975387
Italy,2011,0.804231494
Italy,2012,0.802784601
Italy,2013,0.802231154
Italy,2014,0.801353902
Luxembourg,1816,NA
Luxembourg,1817,NA
Luxembourg,1818,NA
Luxembourg,1819,NA
Luxembourg,1820,NA
Luxembourg,1821,NA
Luxembourg,1822,NA
Luxembourg,1823,NA
Luxembourg,1824,NA
Luxembourg,1825,NA
Luxembourg,1826,NA
Luxembourg,1827,NA
Luxembourg,1828,NA
Luxembourg,1829,NA
Luxembourg,1830,NA
Luxembourg,1831,NA
Luxembourg,1832,NA
Luxembourg,1833,NA
Luxembourg,1834,NA
Luxembourg,1835,NA
Luxembourg,1836,NA
Luxembourg,1837,NA
Luxembourg,1838,NA
Luxembourg,1839,NA
Luxembourg,1840,NA
Luxembourg,1841,NA
Luxembourg,1842,NA
Luxembourg,1843,NA
Luxembourg,1844,NA
Luxembourg,1845,NA
Luxembourg,1846,NA
Luxembourg,1847,NA
Luxembourg,1848,NA
Luxembourg,1849,NA
Luxembourg,1850,NA
Luxembourg,1851,NA
Luxembourg,1852,NA
Luxembourg,1853,NA
Luxembourg,1854,NA
Luxembourg,1855,NA
Luxembourg,1856,NA
Luxembourg,1857,NA
Luxembourg,1858,NA
Luxembourg,1859,NA
Luxembourg,1860,NA
Luxembourg,1861,NA
Luxembourg,1862,NA
Luxembourg,1863,NA
Luxembourg,1864,NA
Luxembourg,1865,NA
Luxembourg,1866,NA
Luxembourg,1867,NA
Luxembourg,1868,NA
Luxembourg,1869,NA
Luxembourg,1870,NA
Luxembourg,1871,NA
Luxembourg,1872,NA
Luxembourg,1873,NA
Luxembourg,1874,NA
Luxembourg,1875,NA
Luxembourg,1876,NA
Luxembourg,1877,NA
Luxembourg,1878,NA
Luxembourg,1879,NA
Luxembourg,1880,NA
Luxembourg,1881,NA
Luxembourg,1882,NA
Luxembourg,1883,NA
Luxembourg,1884,NA
Luxembourg,1885,NA
Luxembourg,1886,NA
Luxembourg,1887,NA
Luxembourg,1888,NA
Luxembourg,1889,NA
Luxembourg,1890,NA
Luxembourg,1891,NA
Luxembourg,1892,NA
Luxembourg,1893,NA
Luxembourg,1894,NA
Luxembourg,1895,NA
Luxembourg,1896,NA
Luxembourg,1897,NA
Luxembourg,1898,NA
Luxembourg,1899,NA
Luxembourg,1900,NA
Luxembourg,1901,NA
Luxembourg,1902,NA
Luxembourg,1903,NA
Luxembourg,1904,NA
Luxembourg,1905,NA
Luxembourg,1906,NA
Luxembourg,1907,NA
Luxembourg,1908,NA
Luxembourg,1909,NA
Luxembourg,1910,NA
Luxembourg,1911,NA
Luxembourg,1912,NA
Luxembourg,1913,NA
Luxembourg,1914,NA
Luxembourg,1915,NA
Luxembourg,1916,NA
Luxembourg,1917,NA
Luxembourg,1918,NA
Luxembourg,1919,NA
Luxembourg,1920,NA
Luxembourg,1921,NA
Luxembourg,1922,NA
Luxembourg,1923,NA
Luxembourg,1924,NA
Luxembourg,1925,NA
Luxembourg,1926,NA
Luxembourg,1927,NA
Luxembourg,1928,NA
Luxembourg,1929,NA
Luxembourg,1930,NA
Luxembourg,1931,NA
Luxembourg,1932,NA
Luxembourg,1933,NA
Luxembourg,1934,NA
Luxembourg,1935,NA
Luxembourg,1936,NA
Luxembourg,1937,NA
Luxembourg,1938,NA
Luxembourg,1939,NA
Luxembourg,1940,NA
Luxembourg,1941,NA
Luxembourg,1942,NA
Luxembourg,1943,NA
Luxembourg,1944,NA
Luxembourg,1945,NA
Luxembourg,1946,0.762366854
Luxembourg,1947,0.761561919
Luxembourg,1948,0.799801645
Luxembourg,1949,0.799251382
Luxembourg,1950,0.798705566
Luxembourg,1951,0.798434304
Luxembourg,1952,0.797895032
Luxembourg,1953,0.797360043
Luxembourg,1954,0.796829275
Luxembourg,1955,0.796302666
Luxembourg,1956,0.795780156
Luxembourg,1957,0.79552042
Luxembourg,1958,0.79500395
Luxembourg,1959,0.794491434
Luxembourg,1960,0.793982817
Luxembourg,1961,0.859433842
Luxembourg,1962,0.858360142
Luxembourg,1963,0.752848505
Luxembourg,1964,0.75192453
Luxembourg,1965,0.751013873
Luxembourg,1966,0.750563427
Luxembourg,1967,0.750339407
Luxembourg,1968,0.684275493
Luxembourg,1969,0.683868499
Luxembourg,1970,0.683666075
Luxembourg,1971,0.683063039
Luxembourg,1972,0.682071833
Luxembourg,1973,0.681485229
Luxembourg,1974,0.68052072
Luxembourg,1975,0.67976067
Luxembourg,1976,0.679384411
Luxembourg,1977,0.679384411
Luxembourg,1978,0.67919721
Luxembourg,1979,0.679010622
Luxembourg,1980,0.678824644
Luxembourg,1981,0.678639272
Luxembourg,1982,0.678454503
Luxembourg,1983,0.678454503
Luxembourg,1984,0.678454503
Luxembourg,1985,0.678270333
Luxembourg,1986,0.678086758
Luxembourg,1987,0.677539571
Luxembourg,1988,0.676997617
Luxembourg,1989,0.676282991
Luxembourg,1990,0.675577293
Luxembourg,1991,0.674707412
Luxembourg,1992,0.674191864
Luxembourg,1993,0.672839775
Luxembourg,1994,0.671846706
Luxembourg,1995,0.670870987
Luxembourg,1996,0.669912064
Luxembourg,1997,0.669753839
Luxembourg,1998,0.668969408
Luxembourg,1999,0.668349758
Luxembourg,2000,0.667584827
Luxembourg,2001,0.665938393
Luxembourg,2002,0.665351692
Luxembourg,2003,0.664483233
Luxembourg,2004,0.663628326
Luxembourg,2005,0.662647547
Luxembourg,2006,0.661547846
Luxembourg,2007,0.660603521
Luxembourg,2008,0.673487868
Luxembourg,2009,0.667121957
Luxembourg,2010,0.666110316
Luxembourg,2011,0.664772897
Luxembourg,2012,0.663451723
Luxembourg,2013,0.662185213
Luxembourg,2014,0.660898573
Netherlands,1816,0.776045242
Netherlands,1817,0.778201328
Netherlands,1818,0.777675849
Netherlands,1819,0.776965651
Netherlands,1820,0.776368853
Netherlands,1821,0.775819907
Netherlands,1822,0.775388905
Netherlands,1823,0.777633297
Netherlands,1824,0.777167815
Netherlands,1825,0.776516976
Netherlands,1826,0.775962614
Netherlands,1827,0.778043704
Netherlands,1828,0.777334516
Netherlands,1829,0.776720509
Netherlands,1830,0.778449907
Netherlands,1831,0.912178773
Netherlands,1832,0.852358551
Netherlands,1833,0.852050224
Netherlands,1834,0.837915939
Netherlands,1835,0.837368107
Netherlands,1836,0.837096062
Netherlands,1837,0.859899325
Netherlands,1838,0.835899062
Netherlands,1839,0.835705895
Netherlands,1840,0.805690515
Netherlands,1841,0.811859887
Netherlands,1842,0.817477498
Netherlands,1843,0.822626047
Netherlands,1844,0.827371094
Netherlands,1845,0.831540345
Netherlands,1846,0.831092617
Netherlands,1847,0.833732661
Netherlands,1848,0.831316056
Netherlands,1849,0.828599923
Netherlands,1850,0.827371094
Netherlands,1851,0.826247624
Netherlands,1852,0.821621744
Netherlands,1853,0.826631874
Netherlands,1854,0.83088417
Netherlands,1855,0.841281015
Netherlands,1856,0.840853988
Netherlands,1857,0.840009032
Netherlands,1858,0.839591024
Netherlands,1859,0.839175943
Netherlands,1860,0.840995934
Netherlands,1861,0.840379437
Netherlands,1862,0.839567295
Netherlands,1863,0.838766155
Netherlands,1864,0.837975739
Netherlands,1865,0.837195781
Netherlands,1866,0.83460117
Netherlands,1867,0.834029865
Netherlands,1868,0.835289985
Netherlands,1869,0.835289985
Netherlands,1870,0.835477804
Netherlands,1871,0.834916143
Netherlands,1872,0.834359817
Netherlands,1873,0.833808734
Netherlands,1874,0.834858611
Netherlands,1875,0.835870094
Netherlands,1876,0.834986511
Netherlands,1877,0.830262245
Netherlands,1878,0.831187914
Netherlands,1879,0.830180379
Netherlands,1880,0.831415254
Netherlands,1881,0.834415398
Netherlands,1882,0.835365453
Netherlands,1883,0.836124245
Netherlands,1884,0.83701462
Netherlands,1885,0.836076631
Netherlands,1886,0.831910742
Netherlands,1887,0.817780957
Netherlands,1888,0.818934198
Netherlands,1889,0.818209685
Netherlands,1890,0.825687687
Netherlands,1891,0.808889073
Netherlands,1892,0.798538517
Netherlands,1893,0.795283911
Netherlands,1894,0.794481727
Netherlands,1895,0.793560438
Netherlands,1896,0.792782917
Netherlands,1897,0.79176314
Netherlands,1898,0.790886218
Netherlands,1899,0.790023206
Netherlands,1900,0.794444867
Netherlands,1901,0.793719597
Netherlands,1902,0.801901851
Netherlands,1903,0.791715652
Netherlands,1904,0.790797627
Netherlands,1905,0.796823563
Netherlands,1906,0.781380814
Netherlands,1907,0.780515388
Netherlands,1908,0.776944597
Netherlands,1909,0.776420936
Netherlands,1910,0.778514677
Netherlands,1911,0.813083915
Netherlands,1912,0.813774135
Netherlands,1913,0.811205216
Netherlands,1914,0.80306914
Netherlands,1915,0.785873974
Netherlands,1916,0.772467332
Netherlands,1917,0.756725866
Netherlands,1918,0.741725784
Netherlands,1919,0.718738562
Netherlands,1920,0.718329139
Netherlands,1921,0.717761672
Netherlands,1922,0.72196791
Netherlands,1923,0.721020964
Netherlands,1924,0.72016881
Netherlands,1925,0.724147358
Netherlands,1926,0.723317668
Netherlands,1927,0.712714907
Netherlands,1928,0.71199436
Netherlands,1929,0.71128449
Netherlands,1930,0.710585003
Netherlands,1931,0.719507361
Netherlands,1932,0.718684781
Netherlands,1933,0.717876014
Netherlands,1934,0.717212283
Netherlands,1935,0.716622673
Netherlands,1936,0.711350169
Netherlands,1937,0.715528387
Netherlands,1938,0.715021969
Netherlands,1939,0.792532692
Netherlands,1940,0.814219878
Netherlands,1941,NA
Netherlands,1942,NA
Netherlands,1943,NA
Netherlands,1944,NA
Netherlands,1945,0.833817603
Netherlands,1946,0.842922042
Netherlands,1947,0.902315603
Netherlands,1948,0.90113174
Netherlands,1949,0.900065859
Netherlands,1950,0.896816189
Netherlands,1951,0.893245238
Netherlands,1952,0.890144368
Netherlands,1953,0.886670684
Netherlands,1954,0.883396034
Netherlands,1955,0.879579635
Netherlands,1956,0.876034784
Netherlands,1957,0.872024234
Netherlands,1958,0.868117096
Netherlands,1959,0.863684661
Netherlands,1960,0.859708304
Netherlands,1961,0.85397263
Netherlands,1962,0.853107824
Netherlands,1963,0.846443032
Netherlands,1964,0.842847182
Netherlands,1965,0.84198903
Netherlands,1966,0.838282217
Netherlands,1967,0.837580173
Netherlands,1968,0.836955042
Netherlands,1969,0.836241119
Netherlands,1970,0.832484318
Netherlands,1971,0.828595951
Netherlands,1972,0.831098982
Netherlands,1973,0.828115393
Netherlands,1974,0.827014162
Netherlands,1975,0.824570583
Netherlands,1976,0.823394317
Netherlands,1977,0.821015728
Netherlands,1978,0.822665677
Netherlands,1979,0.822922701
Netherlands,1980,0.822434326
Netherlands,1981,0.822652816
Netherlands,1982,0.821073573
Netherlands,1983,0.81952174
Netherlands,1984,0.81860353
Netherlands,1985,0.818338063
Netherlands,1986,0.820016247
Netherlands,1987,0.819601641
Netherlands,1988,0.819878906
Netherlands,1989,0.818854619
Netherlands,1990,0.81711115
Netherlands,1991,0.816642043
Netherlands,1992,0.806109389
Netherlands,1993,0.802530887
Netherlands,1994,0.794473259
Netherlands,1995,0.784497551
Netherlands,1996,0.781041563
Netherlands,1997,0.772711162
Netherlands,1998,0.769958715
Netherlands,1999,0.768478167
Netherlands,2000,0.765671656
Netherlands,2001,0.762034574
Netherlands,2002,0.761679044
Netherlands,2003,0.765463455
Netherlands,2004,0.765267871
Netherlands,2005,0.765137914
Netherlands,2006,0.765049194
Netherlands,2007,0.764926617
Netherlands,2008,0.73822844
Netherlands,2009,0.732670128
Netherlands,2010,0.7324281
Netherlands,2011,0.732239381
Netherlands,2012,0.732064963
Netherlands,2013,0.731926065
Netherlands,2014,0.729641921
Portugal,1816,0.808873998
Portugal,1817,0.808339145
Portugal,1818,0.807785219
Portugal,1819,0.807260302
Portugal,1820,0.806716585
Portugal,1821,0.806177949
Portugal,1822,0.815728372
Portugal,1823,0.821260545
Portugal,1824,0.83408881
Portugal,1825,0.831051922
Portugal,1826,0.832996312
Portugal,1827,0.816118284
Portugal,1828,0.85327125
Portugal,1829,0.85269489
Portugal,1830,0.852146706
Portugal,1831,0.853426591
Portugal,1832,0.870720394
Portugal,1833,0.870152731
Portugal,1834,0.869567866
Portugal,1835,0.869010698
Portugal,1836,0.868436559
Portugal,1837,0.867867749
Portugal,1838,0.867304174
Portugal,1839,0.862263545
Portugal,1840,0.822883957
Portugal,1841,0.822342011
Portugal,1842,0.82180508
Portugal,1843,0.821253468
Portugal,1844,0.823196538
Portugal,1845,0.809443695
Portugal,1846,0.789386239
Portugal,1847,0.788873492
Portugal,1848,0.810691437
Portugal,1849,0.787844083
Portugal,1850,0.787327589
Portugal,1851,0.786815867
Portugal,1852,0.786308835
Portugal,1853,0.785789168
Portugal,1854,0.788871102
Portugal,1855,0.801266813
Portugal,1856,0.791283838
Portugal,1857,0.794046453
Portugal,1858,0.786833312
Portugal,1859,0.802108274
Portugal,1860,0.785801385
Portugal,1861,0.78530063
Portugal,1862,0.781209469
Portugal,1863,0.787698807
Portugal,1864,0.790464231
Portugal,1865,0.789946359
Portugal,1866,0.786167092
Portugal,1867,0.788924994
Portugal,1868,0.788421335
Portugal,1869,0.791034286
Portugal,1870,0.790522994
Portugal,1871,0.806474354
Portugal,1872,0.795399094
Portugal,1873,0.816866787
Portugal,1874,0.818434883
Portugal,1875,0.827573066
Portugal,1876,0.830599629
Portugal,1877,0.820870518
Portugal,1878,0.822275876
Portugal,1879,0.821741737
Portugal,1880,0.804248166
Portugal,1881,0.808344138
Portugal,1882,0.800798352
Portugal,1883,0.795230066
Portugal,1884,0.799783216
Portugal,1885,0.816677143
Portugal,1886,0.807154417
Portugal,1887,0.792398264
Portugal,1888,0.789235101
Portugal,1889,0.793948503
Portugal,1890,0.795800087
Portugal,1891,0.800272672
Portugal,1892,0.799775413
Portugal,1893,0.796961501
Portugal,1894,0.798915897
Portugal,1895,0.798430725
Portugal,1896,0.797949812
Portugal,1897,0.799720039
Portugal,1898,0.80366458
Portugal,1899,0.803191346
Portugal,1900,0.802605474
Portugal,1901,0.804314849
Portugal,1902,0.801680891
Portugal,1903,0.801224381
Portugal,1904,0.800546678
Portugal,1905,0.799988272
Portugal,1906,0.80553819
Portugal,1907,0.804985961
Portugal,1908,0.804439234
Portugal,1909,0.797916991
Portugal,1910,0.803361883
Portugal,1911,NA
Portugal,1912,0.79664833
Portugal,1913,0.796543935
Portugal,1914,0.796439742
Portugal,1915,0.889172842
Portugal,1916,0.8890575
Portugal,1917,0.888942379
Portugal,1918,0.888942379
Portugal,1919,0.752204017
Portugal,1920,0.79592176
Portugal,1921,0.795408689
Portugal,1922,0.794597778
Portugal,1923,0.793798877
Portugal,1924,0.793011656
Portugal,1925,0.818084958
Portugal,1926,0.820148448
Portugal,1927,0.816615433
Portugal,1928,0.8158474
Portugal,1929,0.815089934
Portugal,1930,0.79611987
Portugal,1931,0.795580478
Portugal,1932,0.796602434
Portugal,1933,0.79581342
Portugal,1934,0.787479649
Portugal,1935,0.78672019
Portugal,1936,0.783958373
Portugal,1937,0.776915282
Portugal,1938,0.786541736
Portugal,1939,0.789500071
Portugal,1940,0.782844665
Portugal,1941,0.780529529
Portugal,1942,NA
Portugal,1943,NA
Portugal,1944,NA
Portugal,1945,NA
Portugal,1946,NA
Portugal,1947,NA
Portugal,1948,0.828280985
Portugal,1949,0.827741372
Portugal,1950,0.82818922
Portugal,1951,0.82778584
Portugal,1952,0.82751115
Portugal,1953,0.828205802
Portugal,1954,0.829852587
Portugal,1955,0.829559098
Portugal,1956,0.8302257
Portugal,1957,0.829985664
Portugal,1958,0.829660021
Portugal,1959,0.829293276
Portugal,1960,0.828109229
Portugal,1961,0.825303999
Portugal,1962,0.829404058
Portugal,1963,0.871992303
Portugal,1964,0.924757872
Portugal,1965,0.878770623
Portugal,1966,0.891344158
Portugal,1967,0.89326707
Portugal,1968,0.90023916
Portugal,1969,0.903661438
Portugal,1970,0.905649932
Portugal,1971,0.913335545
Portugal,1972,0.916352022
Portugal,1973,0.922073402
Portugal,1974,0.922663915
Portugal,1975,0.847874734
Portugal,1976,0.829777881
Portugal,1977,0.826457112
Portugal,1978,0.827561587
Portugal,1979,0.826009791
Portugal,1980,0.831301997
Portugal,1981,0.830753851
Portugal,1982,0.832784273
Portugal,1983,0.834081863
Portugal,1984,0.839075432
Portugal,1985,0.840359218
Portugal,1986,0.839651538
Portugal,1987,0.84254887
Portugal,1988,0.842026124
Portugal,1989,0.842223142
Portugal,1990,0.829635016
Portugal,1991,0.828980503
Portugal,1992,0.823805646
Portugal,1993,0.812033256
Portugal,1994,0.853921511
Portugal,1995,0.821678953
Portugal,1996,0.816848938
Portugal,1997,0.816636036
Portugal,1998,0.815211732
Portugal,1999,0.81518687
Portugal,2000,0.782386997
Portugal,2001,0.778337577
Portugal,2002,0.777912886
Portugal,2003,0.77911222
Portugal,2004,0.777162779
Portugal,2005,0.77690227
Portugal,2006,0.778316907
Portugal,2007,0.77657712
Portugal,2008,0.803763541
Portugal,2009,0.803741865
Portugal,2010,0.803200973
Portugal,2011,0.803254373
Portugal,2012,0.803470474
Portugal,2013,0.795598961
Portugal,2014,0.794412279
United_Kingdom,1816,0.862956978
United_Kingdom,1817,0.841887729
United_Kingdom,1818,0.83459854
United_Kingdom,1819,0.820747354
United_Kingdom,1820,0.820375171
United_Kingdom,1821,0.817060781
United_Kingdom,1822,0.808917827
United_Kingdom,1823,0.808041192
United_Kingdom,1824,0.810923251
United_Kingdom,1825,0.81013361
United_Kingdom,1826,0.817597891
United_Kingdom,1827,0.819518969
United_Kingdom,1828,0.818716792
United_Kingdom,1829,0.814806736
United_Kingdom,1830,0.810293461
United_Kingdom,1831,0.814189501
United_Kingdom,1832,0.811336027
United_Kingdom,1833,0.810333122
United_Kingdom,1834,0.806371872
United_Kingdom,1835,0.805259208
United_Kingdom,1836,0.808229286
United_Kingdom,1837,0.807480722
United_Kingdom,1838,0.812340723
United_Kingdom,1839,0.813405545
United_Kingdom,1840,0.816474921
United_Kingdom,1841,0.8178761
United_Kingdom,1842,0.821469083
United_Kingdom,1843,0.810726004
United_Kingdom,1844,0.820732075
United_Kingdom,1845,0.817628941
United_Kingdom,1846,0.821879978
United_Kingdom,1847,0.822638438
United_Kingdom,1848,0.827960821
United_Kingdom,1849,0.826553484
United_Kingdom,1850,0.826288787
United_Kingdom,1851,0.825557705
United_Kingdom,1852,0.826448866
United_Kingdom,1853,0.830133849
United_Kingdom,1854,0.836184099
United_Kingdom,1855,0.858638949
United_Kingdom,1856,0.868223114
United_Kingdom,1857,0.84513747
United_Kingdom,1858,0.849455309
United_Kingdom,1859,0.854101316
United_Kingdom,1860,0.860172641
United_Kingdom,1861,0.853516426
United_Kingdom,1862,0.850603952
United_Kingdom,1863,0.851660504
United_Kingdom,1864,0.846367613
United_Kingdom,1865,0.8472491
United_Kingdom,1866,0.844524149
United_Kingdom,1867,0.843316597
United_Kingdom,1868,0.84183127
United_Kingdom,1869,0.83910672
United_Kingdom,1870,0.835307984
United_Kingdom,1871,0.830490858
United_Kingdom,1872,0.833397214
United_Kingdom,1873,0.832326892
United_Kingdom,1874,0.830689685
United_Kingdom,1875,0.829289344
United_Kingdom,1876,0.828391696
United_Kingdom,1877,0.82961602
United_Kingdom,1878,0.831572996
United_Kingdom,1879,0.830712516
United_Kingdom,1880,0.827065775
United_Kingdom,1881,0.826289527
United_Kingdom,1882,0.825847868
United_Kingdom,1883,0.823286904
United_Kingdom,1884,0.823125206
United_Kingdom,1885,0.826910941
United_Kingdom,1886,0.82871394
United_Kingdom,1887,0.830223007
United_Kingdom,1888,0.829783717
United_Kingdom,1889,0.829805923
United_Kingdom,1890,0.830049499
United_Kingdom,1891,0.830273931
United_Kingdom,1892,0.83138882
United_Kingdom,1893,0.832210097
United_Kingdom,1894,0.833423812
United_Kingdom,1895,0.83439408
United_Kingdom,1896,0.835104201
United_Kingdom,1897,0.835372333
United_Kingdom,1898,0.837224103
United_Kingdom,1899,0.836670955
United_Kingdom,1900,0.861320065
United_Kingdom,1901,0.865175053
United_Kingdom,1902,0.860545819
United_Kingdom,1903,0.849528962
United_Kingdom,1904,0.847930802
United_Kingdom,1905,0.845001789
United_Kingdom,1906,0.842827259
United_Kingdom,1907,0.83974525
United_Kingdom,1908,0.838356366
United_Kingdom,1909,0.840809597
United_Kingdom,1910,0.838754966
United_Kingdom,1911,0.838981888
United_Kingdom,1912,0.860174026
United_Kingdom,1913,0.86112993
United_Kingdom,1914,0.860500508
United_Kingdom,1915,0.999072338
United_Kingdom,1916,NA
United_Kingdom,1917,1.00187723
United_Kingdom,1918,0.999007521
United_Kingdom,1919,0.92194802
United_Kingdom,1920,0.867316837
United_Kingdom,1921,0.84799761
United_Kingdom,1922,0.838746786
United_Kingdom,1923,0.832751988
United_Kingdom,1924,0.83234953
United_Kingdom,1925,0.833123636
United_Kingdom,1926,0.832717492
United_Kingdom,1927,0.831949429
United_Kingdom,1928,0.830163632
United_Kingdom,1929,0.829058931
United_Kingdom,1930,0.827411081
United_Kingdom,1931,0.82736082
United_Kingdom,1932,0.826637511
United_Kingdom,1933,0.82621021
United_Kingdom,1934,0.826443103
United_Kingdom,1935,0.826807594
United_Kingdom,1936,0.829507416
United_Kingdom,1937,0.83189827
United_Kingdom,1938,0.835213622
United_Kingdom,1939,0.838986575
United_Kingdom,1940,0.899830525
United_Kingdom,1941,0.952321955
United_Kingdom,1942,0.977109262
United_Kingdom,1943,0.989552746
United_Kingdom,1944,1.000033572
United_Kingdom,1945,1.002259509
United_Kingdom,1946,0.943687572
United_Kingdom,1947,0.913957762
United_Kingdom,1948,0.885650517
United_Kingdom,1949,0.879162903
United_Kingdom,1950,0.871670171
United_Kingdom,1951,0.88340165
United_Kingdom,1952,0.88669957
United_Kingdom,1953,0.886018379
United_Kingdom,1954,0.883841293
United_Kingdom,1955,0.881322907
United_Kingdom,1956,0.877153016
United_Kingdom,1957,0.871709461
United_Kingdom,1958,0.862867942
United_Kingdom,1959,0.85720868
United_Kingdom,1960,0.851488402
United_Kingdom,1961,0.845331977
United_Kingdom,1962,0.84481404
United_Kingdom,1963,0.840995714
United_Kingdom,1964,0.838440394
United_Kingdom,1965,0.836578833
United_Kingdom,1966,0.836277745
United_Kingdom,1967,0.835955058
United_Kingdom,1968,0.833397197
United_Kingdom,1969,0.829949552
United_Kingdom,1970,0.829778656
United_Kingdom,1971,0.826118772
United_Kingdom,1972,0.825952109
United_Kingdom,1973,0.827025985
United_Kingdom,1974,0.823886715
United_Kingdom,1975,0.821907722
United_Kingdom,1976,0.819864801
United_Kingdom,1977,0.817769282
United_Kingdom,1978,0.816593733
United_Kingdom,1979,0.817327362
United_Kingdom,1980,0.818412464
United_Kingdom,1981,0.820486302
United_Kingdom,1982,0.819385054
United_Kingdom,1983,0.818945071
United_Kingdom,1984,0.819392909
United_Kingdom,1985,0.818838338
United_Kingdom,1986,0.818101144
United_Kingdom,1987,0.817369033
United_Kingdom,1988,0.816443155
United_Kingdom,1989,0.815059597
United_Kingdom,1990,0.812828377
United_Kingdom,1991,0.811135899
United_Kingdom,1992,0.809226046
United_Kingdom,1993,0.804076715
United_Kingdom,1994,0.800507181
United_Kingdom,1995,0.794065627
United_Kingdom,1996,0.790519971
United_Kingdom,1997,0.790191266
United_Kingdom,1998,0.789785554
United_Kingdom,1999,0.789700162
United_Kingdom,2000,0.787844564
United_Kingdom,2001,0.787290866
United_Kingdom,2002,0.786801886
United_Kingdom,2003,0.787498291
United_Kingdom,2004,0.786037162
United_Kingdom,2005,0.784465263
United_Kingdom,2006,0.787781268
United_Kingdom,2007,0.779332025
United_Kingdom,2008,0.752933225
United_Kingdom,2009,0.759079274
United_Kingdom,2010,0.757228299
United_Kingdom,2011,0.753954358
United_Kingdom,2012,0.754882953
United_Kingdom,2013,0.750972905
United_Kingdom,2014,0.748958323
United_States,1816,0.719554844
United_States,1817,0.70898727
United_States,1818,0.702561454
United_States,1819,0.695827735
United_States,1820,0.704805805
United_States,1821,0.680763367
United_States,1822,0.672251295
United_States,1823,0.677471619
United_States,1824,0.675914458
United_States,1825,0.674409833
United_States,1826,0.67913975
United_States,1827,0.677714237
United_States,1828,0.670176055
United_States,1829,0.67500154
United_States,1830,0.673674011
United_States,1831,0.665944753
United_States,1832,0.670517134
United_States,1833,0.674631653
United_States,1834,0.673174814
United_States,1835,0.676934513
United_States,1836,0.689085296
United_States,1837,0.705655143
United_States,1838,0.690372782
United_States,1839,0.692832052
United_States,1840,0.701667491
United_States,1841,0.696662218
United_States,1842,0.701208136
United_States,1843,0.693294027
United_States,1844,0.691701475
United_States,1845,0.690162106
United_States,1846,0.730924106
United_States,1847,0.756436675
United_States,1848,0.757218743
United_States,1849,0.690675368
United_States,1850,0.683158833
United_States,1851,0.681460326
United_States,1852,0.679826611
United_States,1853,0.678253174
United_States,1854,0.676735948
United_States,1855,0.689577899
United_States,1856,0.688132301
United_States,1857,0.689253804
United_States,1858,0.692655864
United_States,1859,0.691331928
United_States,1860,0.687717426
United_States,1861,0.822109822
United_States,1862,0.895511968
United_States,1863,0.91742665
United_States,1864,0.92066338
United_States,1865,0.921112475
United_States,1866,0.747140161
United_States,1867,0.744244795
United_States,1868,0.734733259
United_States,1869,0.718036714
United_States,1870,0.71440528
United_States,1871,0.701777695
United_States,1872,0.700575795
United_States,1873,0.700936884
United_States,1874,0.701289468
United_States,1875,0.690674905
United_States,1876,0.694523395
United_States,1877,0.681372709
United_States,1878,0.684055378
United_States,1879,0.686551842
United_States,1880,0.685563293
United_States,1881,0.684393778
United_States,1882,0.683257466
United_States,1883,0.680443279
United_States,1884,0.68273684
United_States,1885,0.681685525
United_States,1886,0.680659848
United_States,1887,0.679660182
United_States,1888,0.678684566
United_States,1889,0.677731929
United_States,1890,0.676799827
United_States,1891,0.674226142
United_States,1892,0.674965037
United_States,1893,0.674078874
United_States,1894,0.677889273
United_States,1895,0.677034574
United_States,1896,0.676197739
United_States,1897,0.678304928
United_States,1898,0.78303353
United_States,1899,0.728234734
United_States,1900,0.741899572
United_States,1901,0.733576994
United_States,1902,0.73204375
United_States,1903,0.728279961
United_States,1904,0.729689959
United_States,1905,0.727591773
United_States,1906,0.728938629
United_States,1907,0.725815891
United_States,1908,0.735930498
United_States,1909,0.740931712
United_States,1910,0.738597524
United_States,1911,0.740461203
United_States,1912,0.743032297
United_States,1913,0.742887371
United_States,1914,0.746190453
United_States,1915,0.748395988
United_States,1916,0.749463483
United_States,1917,0.827607663
United_States,1918,0.920147338
United_States,1919,0.863829234
United_States,1920,0.78730756
United_States,1921,0.793731574
United_States,1922,0.770966803
United_States,1923,0.764669878
United_States,1924,0.767101865
United_States,1925,0.764222412
United_States,1926,0.762340736
United_States,1927,0.762156166
United_States,1928,0.762043515
United_States,1929,0.762500335
United_States,1930,0.762173237
United_States,1931,0.761077921
United_States,1932,0.758812074
United_States,1933,0.758277064
United_States,1934,0.758714459
United_States,1935,0.759597223
United_States,1936,0.76802263
United_States,1937,0.771954552
United_States,1938,0.773673758
United_States,1939,0.775304748
United_States,1940,0.794027616
United_States,1941,0.876466684
United_States,1942,0.921987855
United_States,1943,0.972695477
United_States,1944,0.986217608
United_States,1945,0.988975611
United_States,1946,0.90465293
United_States,1947,0.864426439
United_States,1948,0.857827041
United_States,1949,0.863546121
United_States,1950,0.856585706
United_States,1951,0.9036853
United_States,1952,0.909465929
United_States,1953,0.907176448
United_States,1954,0.901764181
United_States,1955,0.893729379
United_States,1956,0.890057822
United_States,1957,0.888844132
United_States,1958,0.87909359
United_States,1959,0.876095551
United_States,1960,0.874669155
United_States,1961,0.873795931
United_States,1962,0.884607603
United_States,1963,0.881515092
United_States,1964,0.880472122
United_States,1965,0.879194096
United_States,1966,0.887434176
United_States,1967,0.892142986
United_States,1968,0.894494255
United_States,1969,0.89243915
United_States,1970,0.884740218
United_States,1971,0.876912452
United_States,1972,0.867035125
United_States,1973,0.863481675
United_States,1974,0.861373011
United_States,1975,0.859519954
United_States,1976,0.858369993
United_States,1977,0.85741357
United_States,1978,0.85685619
United_States,1979,0.855501891
United_States,1980,0.855371907
United_States,1981,0.8562999
United_States,1982,0.857635386
United_States,1983,0.858043535
United_States,1984,0.858144426
United_States,1985,0.85825304
United_States,1986,0.858422824
United_States,1987,0.858238791
United_States,1988,0.856989208
United_States,1989,0.856236492
United_States,1990,0.854114027
United_States,1991,0.851649702
United_States,1992,0.845585028
United_States,1993,0.841599879
United_States,1994,0.837804406
United_States,1995,0.834239795
United_States,1996,0.83193115
United_States,1997,0.829935172
United_States,1998,0.82803245
United_States,1999,0.826859094
United_States,2000,0.821434344
United_States,2001,0.82032576
United_States,2002,0.821758276
United_States,2003,0.821847312
United_States,2004,0.822304157
United_States,2005,0.822757048
United_States,2006,0.825072107
United_States,2007,0.823083651
United_States,2008,0.810689902
United_States,2009,0.811142905
United_States,2010,0.810962921
United_States,2011,0.808897661
United_States,2012,0.807560826
United_States,2013,0.805052882
United_States,2014,0.802717019
Russia_USSR,1816,0.887102492
Russia_USSR,1817,0.877559426
Russia_USSR,1818,0.866839561
Russia_USSR,1819,0.865547469
Russia_USSR,1820,0.881392855
Russia_USSR,1821,0.893849182
Russia_USSR,1822,0.896317873
Russia_USSR,1823,0.870989325
Russia_USSR,1824,0.89662288
Russia_USSR,1825,0.883991975
Russia_USSR,1826,0.857715157
Russia_USSR,1827,0.866797579
Russia_USSR,1828,0.860912248
Russia_USSR,1829,0.876314391
Russia_USSR,1830,0.877279939
Russia_USSR,1831,0.878356342
Russia_USSR,1832,0.879314411
Russia_USSR,1833,0.880304923
Russia_USSR,1834,0.870722028
Russia_USSR,1835,0.859662539
Russia_USSR,1836,0.886205526
Russia_USSR,1837,0.849267159
Russia_USSR,1838,0.848362501
Russia_USSR,1839,0.847662289
Russia_USSR,1840,0.853189333
Russia_USSR,1841,0.858293004
Russia_USSR,1842,0.862771775
Russia_USSR,1843,0.867051846
Russia_USSR,1844,0.863322259
Russia_USSR,1845,0.858630437
Russia_USSR,1846,0.855456843
Russia_USSR,1847,0.865651137
Russia_USSR,1848,0.838404026
Russia_USSR,1849,0.855786766
Russia_USSR,1850,0.869091155
Russia_USSR,1851,0.840811324
Russia_USSR,1852,0.859333758
Russia_USSR,1853,0.859263026
Russia_USSR,1854,0.882069137
Russia_USSR,1855,0.903253058
Russia_USSR,1856,0.918879563
Russia_USSR,1857,0.876040456
Russia_USSR,1858,0.865546545
Russia_USSR,1859,0.863234584
Russia_USSR,1860,0.863961982
Russia_USSR,1861,0.864491287
Russia_USSR,1862,0.849478862
Russia_USSR,1863,0.860057372
Russia_USSR,1864,0.880774803
Russia_USSR,1865,0.852515679
Russia_USSR,1866,0.848843552
Russia_USSR,1867,0.839917148
Russia_USSR,1868,0.842881356
Russia_USSR,1869,0.844868691
Russia_USSR,1870,0.8469091
Russia_USSR,1871,0.848562052
Russia_USSR,1872,0.852563817
Russia_USSR,1873,0.851739256
Russia_USSR,1874,0.850796846
Russia_USSR,1875,0.850985718
Russia_USSR,1876,0.852013825
Russia_USSR,1877,0.850147662
Russia_USSR,1878,0.8724236
Russia_USSR,1879,0.848552083
Russia_USSR,1880,0.851843745
Russia_USSR,1881,0.850499489
Russia_USSR,1882,0.849202371
Russia_USSR,1883,0.840437517
Russia_USSR,1884,0.839416925
Russia_USSR,1885,0.838368165
Russia_USSR,1886,0.838625023
Russia_USSR,1887,0.838826765
Russia_USSR,1888,0.842228773
Russia_USSR,1889,0.837630999
Russia_USSR,1890,0.837156175
Russia_USSR,1891,0.838535573
Russia_USSR,1892,0.839724222
Russia_USSR,1893,0.838739832
Russia_USSR,1894,0.840299417
Russia_USSR,1895,0.840239965
Russia_USSR,1896,0.839725233
Russia_USSR,1897,0.83917382
Russia_USSR,1898,0.838337793
Russia_USSR,1899,0.838207041
Russia_USSR,1900,0.849078987
Russia_USSR,1901,0.848316752
Russia_USSR,1902,0.848551449
Russia_USSR,1903,0.847580025
Russia_USSR,1904,0.846627975
Russia_USSR,1905,0.8887143
Russia_USSR,1906,0.848673591
Russia_USSR,1907,0.847601283
Russia_USSR,1908,0.853162965
Russia_USSR,1909,0.853833025
Russia_USSR,1910,0.850324033
Russia_USSR,1911,0.851279532
Russia_USSR,1912,0.850290897
Russia_USSR,1913,0.842852397
Russia_USSR,1914,0.843177956
Russia_USSR,1915,0.926928553
Russia_USSR,1916,0.966768558
Russia_USSR,1917,0.954710445
Russia_USSR,1918,NA
Russia_USSR,1919,0.863863139
Russia_USSR,1920,0.905744719
Russia_USSR,1921,0.942553048
Russia_USSR,1922,0.917080863
Russia_USSR,1923,0.88464913
Russia_USSR,1924,0.804326723
Russia_USSR,1925,0.80325029
Russia_USSR,1926,0.802129712
Russia_USSR,1927,0.800955829
Russia_USSR,1928,0.799981422
Russia_USSR,1929,0.799060248
Russia_USSR,1930,0.798359682
Russia_USSR,1931,0.797785885
Russia_USSR,1932,0.79734241
Russia_USSR,1933,0.824539171
Russia_USSR,1934,0.827830155
Russia_USSR,1935,0.846962725
Russia_USSR,1936,0.84655932
Russia_USSR,1937,0.851697043
Russia_USSR,1938,0.855882753
Russia_USSR,1939,0.86273436
Russia_USSR,1940,0.906305981
Russia_USSR,1941,0.905665957
Russia_USSR,1942,0.915900761
Russia_USSR,1943,0.919717129
Russia_USSR,1944,0.93193979
Russia_USSR,1945,0.976323872
Russia_USSR,1946,0.881530604
Russia_USSR,1947,0.886244606
Russia_USSR,1948,0.889120954
Russia_USSR,1949,0.90294343
Russia_USSR,1950,0.911912155
Russia_USSR,1951,0.91990617
Russia_USSR,1952,0.927735697
Russia_USSR,1953,0.926786923
Russia_USSR,1954,0.925824005
Russia_USSR,1955,0.924811759
Russia_USSR,1956,0.916201477
Russia_USSR,1957,0.907827035
Russia_USSR,1958,0.898402645
Russia_USSR,1959,0.89270039
Russia_USSR,1960,0.891712036
Russia_USSR,1961,0.880024366
Russia_USSR,1962,0.879145044
Russia_USSR,1963,0.880455619
Russia_USSR,1964,0.879721856
Russia_USSR,1965,0.872493683
Russia_USSR,1966,0.89020538
Russia_USSR,1967,0.891156322
Russia_USSR,1968,0.893549969
Russia_USSR,1969,0.894449866
Russia_USSR,1970,0.895325979
Russia_USSR,1971,0.889099109
Russia_USSR,1972,0.890051664
Russia_USSR,1973,0.889550519
Russia_USSR,1974,0.890488449
Russia_USSR,1975,0.889988895
Russia_USSR,1976,0.89090809
Russia_USSR,1977,0.886117376
Russia_USSR,1978,0.88565756
Russia_USSR,1979,0.885216975
Russia_USSR,1980,0.884794736
Russia_USSR,1981,0.884364555
Russia_USSR,1982,0.883910207
Russia_USSR,1983,0.88342318
Russia_USSR,1984,0.882933469
Russia_USSR,1985,0.88245757
Russia_USSR,1986,0.881944062
Russia_USSR,1987,0.881411148
Russia_USSR,1988,0.880926044
Russia_USSR,1989,0.877469118
Russia_USSR,1990,0.873741761
Russia_USSR,1991,0.901367712
Russia_USSR,1992,0.87385649
Russia_USSR,1993,0.859691051
Russia_USSR,1994,0.855603639
Russia_USSR,1995,0.855674212
Russia_USSR,1996,0.85122631
Russia_USSR,1997,0.851456578
Russia_USSR,1998,0.835542971
Russia_USSR,1999,0.829284768
Russia_USSR,2000,0.835962032
Russia_USSR,2001,0.834664387
Russia_USSR,2002,0.835580875
Russia_USSR,2003,0.834179748
Russia_USSR,2004,0.836789475
Russia_USSR,2005,0.839300875
Russia_USSR,2006,0.838948738
Russia_USSR,2007,0.839087066
Russia_USSR,2008,0.842971629
Russia_USSR,2009,0.843680785
Russia_USSR,2010,0.841144937
Russia_USSR,2011,0.838435088
Russia_USSR,2012,0.83835528
Russia_USSR,2013,0.833769315
Russia_USSR,2014,0.834865564
China,1816,NA
China,1817,NA
China,1818,NA
China,1819,NA
China,1820,NA
China,1821,NA
China,1822,NA
China,1823,NA
China,1824,NA
China,1825,NA
China,1826,NA
China,1827,NA
China,1828,NA
China,1829,NA
China,1830,NA
China,1831,NA
China,1832,NA
China,1833,NA
China,1834,NA
China,1835,NA
China,1836,NA
China,1837,NA
China,1838,NA
China,1839,NA
China,1840,NA
China,1841,NA
China,1842,NA
China,1843,NA
China,1844,NA
China,1845,NA
China,1846,NA
China,1847,NA
China,1848,NA
China,1849,NA
China,1850,NA
China,1851,NA
China,1852,NA
China,1853,NA
China,1854,NA
China,1855,NA
China,1856,NA
China,1857,NA
China,1858,NA
China,1859,NA
China,1860,0.788510846
China,1861,0.789099695
China,1862,0.789689578
China,1863,0.790280152
China,1864,0.790871581
China,1865,0.791463905
China,1866,0.792057035
China,1867,0.792651149
China,1868,0.793317388
China,1869,0.793046026
China,1870,0.792774868
China,1871,0.792503649
China,1872,0.79223279
China,1873,0.791962159
China,1874,0.791691632
China,1875,0.791421217
China,1876,0.791151058
China,1877,0.790881029
China,1878,0.79061127
China,1879,0.79034166
China,1880,0.790072205
China,1881,0.789802916
China,1882,0.789533674
China,1883,0.789264743
China,1884,0.788996002
China,1885,0.788728085
China,1886,0.788157889
China,1887,0.787588975
China,1888,0.787021043
China,1889,0.786453693
China,1890,0.785887245
China,1891,0.785321659
China,1892,0.784756672
China,1893,0.784192481
China,1894,0.783639
China,1895,0.783554758
China,1896,0.783471017
China,1897,0.783387223
China,1898,0.783303597
China,1899,0.783219919
China,1900,0.78313619
China,1901,0.783041297
China,1902,0.781595834
China,1903,0.781462086
China,1904,0.781327825
China,1905,0.781193684
China,1906,0.78105956
China,1907,0.780925556
China,1908,0.780791467
China,1909,0.780657501
China,1910,0.780523555
China,1911,0.780558676
China,1912,0.735228722
China,1913,0.735102308
China,1914,0.736214884
China,1915,0.740787824
China,1916,0.770562593
China,1917,0.773650902
China,1918,0.794233673
China,1919,0.797461317
China,1920,0.799799807
China,1921,0.802033336
China,1922,0.804170376
China,1923,0.806218412
China,1924,0.808516117
China,1925,0.808377951
China,1926,0.808239825
China,1927,0.808320867
China,1928,0.8079247
China,1929,0.807521446
China,1930,0.807117635
China,1931,0.806714199
China,1932,0.806311068
China,1933,0.80590837
China,1934,0.805506131
China,1935,0.805104189
China,1936,0.804702575
China,1937,0.813402221
China,1938,0.768303177
China,1939,0.796048622
China,1940,0.813185662
China,1941,0.826103186
China,1942,0.836437635
China,1943,0.845026082
China,1944,0.852354801
China,1945,0.858719788
China,1946,0.850579835
China,1947,0.848208338
China,1948,0.843086416
China,1949,0.822528591
China,1950,0.846786503
China,1951,0.83032069
China,1952,0.830390056
China,1953,0.830157711
China,1954,0.829873528
China,1955,0.827744741
China,1956,0.829408489
China,1957,0.829169577
China,1958,0.828900445
China,1959,0.828589629
China,1960,0.828229559
China,1961,0.806115927
China,1962,0.807673318
China,1963,0.811305009
China,1964,0.81551189
China,1965,0.806927302
China,1966,0.810151813
China,1967,0.811199797
China,1968,0.811742574
China,1969,0.811095611
China,1970,0.810293658
China,1971,0.811399919
China,1972,0.811571079
China,1973,0.814163942
China,1974,0.828391149
China,1975,0.827499961
China,1976,0.826699329
China,1977,0.825978896
China,1978,0.82777363
China,1979,0.828323969
China,1980,0.828275403
China,1981,0.828794285
China,1982,0.823428027
China,1983,0.819612256
China,1984,0.818965744
China,1985,0.818292905
China,1986,0.816659257
China,1987,0.808817128
China,1988,0.811761809
China,1989,0.812742779
China,1990,0.806307403
China,1991,0.800938246
China,1992,0.799749371
China,1993,0.797029206
China,1994,0.794786476
China,1995,0.794348874
China,1996,0.788557814
China,1997,0.787126366
China,1998,0.786705244
China,1999,0.782050883
China,2000,0.790084812
China,2001,0.779841651
China,2002,0.778619277
China,2003,0.777877155
China,2004,0.777666466
China,2005,0.777481994
China,2006,0.77723972
China,2007,0.776791169
China,2008,0.782293918
China,2009,0.78295709
China,2010,0.782942393
China,2011,0.78275407
China,2012,0.783374066
China,2013,0.783180009
China,2014,0.782981099
India,1816,NA
India,1817,NA
India,1818,NA
India,1819,NA
India,1820,NA
India,1821,NA
India,1822,NA
India,1823,NA
India,1824,NA
India,1825,NA
India,1826,NA
India,1827,NA
India,1828,NA
India,1829,NA
India,1830,NA
India,1831,NA
India,1832,NA
India,1833,NA
India,1834,NA
India,1835,NA
India,1836,NA
India,1837,NA
India,1838,NA
India,1839,NA
India,1840,NA
India,1841,NA
India,1842,NA
India,1843,NA
India,1844,NA
India,1845,NA
India,1846,NA
India,1847,NA
India,1848,NA
India,1849,NA
India,1850,NA
India,1851,NA
India,1852,NA
India,1853,NA
India,1854,NA
India,1855,NA
India,1856,NA
India,1857,NA
India,1858,NA
India,1859,NA
India,1860,NA
India,1861,NA
India,1862,NA
India,1863,NA
India,1864,NA
India,1865,NA
India,1866,NA
India,1867,NA
India,1868,NA
India,1869,NA
India,1870,NA
India,1871,NA
India,1872,NA
India,1873,NA
India,1874,NA
India,1875,NA
India,1876,NA
India,1877,NA
India,1878,NA
India,1879,NA
India,1880,NA
India,1881,NA
India,1882,NA
India,1883,NA
India,1884,NA
India,1885,NA
India,1886,NA
India,1887,NA
India,1888,NA
India,1889,NA
India,1890,NA
India,1891,NA
India,1892,NA
India,1893,NA
India,1894,NA
India,1895,NA
India,1896,NA
India,1897,NA
India,1898,NA
India,1899,NA
India,1900,NA
India,1901,NA
India,1902,NA
India,1903,NA
India,1904,NA
India,1905,NA
India,1906,NA
India,1907,NA
India,1908,NA
India,1909,NA
India,1910,NA
India,1911,NA
India,1912,NA
India,1913,NA
India,1914,NA
India,1915,NA
India,1916,NA
India,1917,NA
India,1918,NA
India,1919,NA
India,1920,NA
India,1921,NA
India,1922,NA
India,1923,NA
India,1924,NA
India,1925,NA
India,1926,NA
India,1927,NA
India,1928,NA
India,1929,NA
India,1930,NA
India,1931,NA
India,1932,NA
India,1933,NA
India,1934,NA
India,1935,NA
India,1936,NA
India,1937,NA
India,1938,NA
India,1939,NA
India,1940,NA
India,1941,NA
India,1942,NA
India,1943,NA
India,1944,NA
India,1945,NA
India,1946,NA
India,1947,0.72620172
India,1948,0.727374451
India,1949,0.728580728
India,1950,0.729732665
India,1951,0.730757802
India,1952,0.731624058
India,1953,0.73241783
India,1954,0.733140885
India,1955,0.733794289
India,1956,0.734238097
India,1957,0.739409251
India,1958,0.743956135
India,1959,0.747982697
India,1960,0.747003585
India,1961,0.766949215
India,1962,0.767740852
India,1963,0.78382606
India,1964,0.789295738
India,1965,0.788513733
India,1966,0.795221483
India,1967,0.794990615
India,1968,0.796277981
India,1969,0.796364165
India,1970,0.795419684
India,1971,0.796088073
India,1972,0.796110962
India,1973,0.796113693
India,1974,0.795078126
India,1975,0.795732881
India,1976,0.786489755
India,1977,0.778520084
India,1978,0.778809504
India,1979,0.777214415
India,1980,0.767808218
India,1981,0.766834508
India,1982,0.766655547
India,1983,0.764899877
India,1984,0.764732838
India,1985,0.770240052
India,1986,0.769290147
India,1987,0.768348681
India,1988,0.771588654
India,1989,0.766492737
India,1990,0.76557906
India,1991,0.764698613
India,1992,0.763877946
India,1993,0.763077249
India,1994,0.762294919
India,1995,0.761529083
India,1996,0.760428808
India,1997,0.759713628
India,1998,0.760200558
India,1999,0.759511421
India,2000,0.758968247
India,2001,0.756396598
India,2002,0.757198637
India,2003,0.75762751
India,2004,0.756964351
India,2005,0.756317472
India,2006,0.755686801
India,2007,0.754705653
India,2008,0.78069157
India,2009,0.780977102
India,2010,0.7804359
India,2011,0.780325658
India,2012,0.78134829
India,2013,0.781242123
India,2014,0.780760126
Pakistan,1816,NA
Pakistan,1817,NA
Pakistan,1818,NA
Pakistan,1819,NA
Pakistan,1820,NA
Pakistan,1821,NA
Pakistan,1822,NA
Pakistan,1823,NA
Pakistan,1824,NA
Pakistan,1825,NA
Pakistan,1826,NA
Pakistan,1827,NA
Pakistan,1828,NA
Pakistan,1829,NA
Pakistan,1830,NA
Pakistan,1831,NA
Pakistan,1832,NA
Pakistan,1833,NA
Pakistan,1834,NA
Pakistan,1835,NA
Pakistan,1836,NA
Pakistan,1837,NA
Pakistan,1838,NA
Pakistan,1839,NA
Pakistan,1840,NA
Pakistan,1841,NA
Pakistan,1842,NA
Pakistan,1843,NA
Pakistan,1844,NA
Pakistan,1845,NA
Pakistan,1846,NA
Pakistan,1847,NA
Pakistan,1848,NA
Pakistan,1849,NA
Pakistan,1850,NA
Pakistan,1851,NA
Pakistan,1852,NA
Pakistan,1853,NA
Pakistan,1854,NA
Pakistan,1855,NA
Pakistan,1856,NA
Pakistan,1857,NA
Pakistan,1858,NA
Pakistan,1859,NA
Pakistan,1860,NA
Pakistan,1861,NA
Pakistan,1862,NA
Pakistan,1863,NA
Pakistan,1864,NA
Pakistan,1865,NA
Pakistan,1866,NA
Pakistan,1867,NA
Pakistan,1868,NA
Pakistan,1869,NA
Pakistan,1870,NA
Pakistan,1871,NA
Pakistan,1872,NA
Pakistan,1873,NA
Pakistan,1874,NA
Pakistan,1875,NA
Pakistan,1876,NA
Pakistan,1877,NA
Pakistan,1878,NA
Pakistan,1879,NA
Pakistan,1880,NA
Pakistan,1881,NA
Pakistan,1882,NA
Pakistan,1883,NA
Pakistan,1884,NA
Pakistan,1885,NA
Pakistan,1886,NA
Pakistan,1887,NA
Pakistan,1888,NA
Pakistan,1889,NA
Pakistan,1890,NA
Pakistan,1891,NA
Pakistan,1892,NA
Pakistan,1893,NA
Pakistan,1894,NA
Pakistan,1895,NA
Pakistan,1896,NA
Pakistan,1897,NA
Pakistan,1898,NA
Pakistan,1899,NA
Pakistan,1900,NA
Pakistan,1901,NA
Pakistan,1902,NA
Pakistan,1903,NA
Pakistan,1904,NA
Pakistan,1905,NA
Pakistan,1906,NA
Pakistan,1907,NA
Pakistan,1908,NA
Pakistan,1909,NA
Pakistan,1910,NA
Pakistan,1911,NA
Pakistan,1912,NA
Pakistan,1913,NA
Pakistan,1914,NA
Pakistan,1915,NA
Pakistan,1916,NA
Pakistan,1917,NA
Pakistan,1918,NA
Pakistan,1919,NA
Pakistan,1920,NA
Pakistan,1921,NA
Pakistan,1922,NA
Pakistan,1923,NA
Pakistan,1924,NA
Pakistan,1925,NA
Pakistan,1926,NA
Pakistan,1927,NA
Pakistan,1928,NA
Pakistan,1929,NA
Pakistan,1930,NA
Pakistan,1931,NA
Pakistan,1932,NA
Pakistan,1933,NA
Pakistan,1934,NA
Pakistan,1935,NA
Pakistan,1936,NA
Pakistan,1937,NA
Pakistan,1938,NA
Pakistan,1939,NA
Pakistan,1940,NA
Pakistan,1941,NA
Pakistan,1942,NA
Pakistan,1943,NA
Pakistan,1944,NA
Pakistan,1945,NA
Pakistan,1946,NA
Pakistan,1947,0.795155745
Pakistan,1948,0.791706018
Pakistan,1949,0.78844511
Pakistan,1950,0.78485483
Pakistan,1951,0.781270431
Pakistan,1952,0.777303341
Pakistan,1953,0.773463961
Pakistan,1954,0.769331124
Pakistan,1955,0.765330671
Pakistan,1956,0.761215043
Pakistan,1957,0.765006859
Pakistan,1958,0.768690181
Pakistan,1959,0.767453044
Pakistan,1960,0.764582521
Pakistan,1961,0.768531073
Pakistan,1962,0.768687654
Pakistan,1963,0.772316175
Pakistan,1964,0.772095252
Pakistan,1965,0.771196172
Pakistan,1966,0.774785988
Pakistan,1967,0.783074288
Pakistan,1968,0.782809083
Pakistan,1969,0.786888184
Pakistan,1970,0.785588577
Pakistan,1971,0.825670178
Pakistan,1972,0.814960567
Pakistan,1973,0.83093151
Pakistan,1974,0.818852076
Pakistan,1975,0.832319738
Pakistan,1976,0.842297255
Pakistan,1977,0.838949368
Pakistan,1978,0.829358698
Pakistan,1979,0.830786082
Pakistan,1980,0.819633499
Pakistan,1981,0.829324093
Pakistan,1982,0.830668298
Pakistan,1983,0.816267302
Pakistan,1984,0.814611638
Pakistan,1985,0.81347647
Pakistan,1986,0.811833223
Pakistan,1987,0.809940201
Pakistan,1988,0.808310148
Pakistan,1989,0.811560317
Pakistan,1990,0.813460617
Pakistan,1991,0.813571233
Pakistan,1992,0.813638265
Pakistan,1993,0.812110402
Pakistan,1994,0.810588277
Pakistan,1995,0.809220876
Pakistan,1996,0.807559441
Pakistan,1997,0.809104101
Pakistan,1998,0.803529263
Pakistan,1999,0.802127461
Pakistan,2000,0.802968112
Pakistan,2001,0.808554398
Pakistan,2002,0.807515061
Pakistan,2003,0.806498951
Pakistan,2004,0.805424849
Pakistan,2005,0.804471817
Pakistan,2006,0.803557795
Pakistan,2007,0.802665097
Pakistan,2008,0.810183224
Pakistan,2009,0.80923927
Pakistan,2010,0.809790482
Pakistan,2011,0.808834622
Pakistan,2012,0.807982262
Pakistan,2013,0.807026317
Pakistan,2014,0.804770675
South_Korea,1816,NA
South_Korea,1817,NA
South_Korea,1818,NA
South_Korea,1819,NA
South_Korea,1820,NA
South_Korea,1821,NA
South_Korea,1822,NA
South_Korea,1823,NA
South_Korea,1824,NA
South_Korea,1825,NA
South_Korea,1826,NA
South_Korea,1827,NA
South_Korea,1828,NA
South_Korea,1829,NA
South_Korea,1830,NA
South_Korea,1831,NA
South_Korea,1832,NA
South_Korea,1833,NA
South_Korea,1834,NA
South_Korea,1835,NA
South_Korea,1836,NA
South_Korea,1837,NA
South_Korea,1838,NA
South_Korea,1839,NA
South_Korea,1840,NA
South_Korea,1841,NA
South_Korea,1842,NA
South_Korea,1843,NA
South_Korea,1844,NA
South_Korea,1845,NA
South_Korea,1846,NA
South_Korea,1847,NA
South_Korea,1848,NA
South_Korea,1849,NA
South_Korea,1850,NA
South_Korea,1851,NA
South_Korea,1852,NA
South_Korea,1853,NA
South_Korea,1854,NA
South_Korea,1855,NA
South_Korea,1856,NA
South_Korea,1857,NA
South_Korea,1858,NA
South_Korea,1859,NA
South_Korea,1860,NA
South_Korea,1861,NA
South_Korea,1862,NA
South_Korea,1863,NA
South_Korea,1864,NA
South_Korea,1865,NA
South_Korea,1866,NA
South_Korea,1867,NA
South_Korea,1868,NA
South_Korea,1869,NA
South_Korea,1870,NA
South_Korea,1871,NA
South_Korea,1872,NA
South_Korea,1873,NA
South_Korea,1874,NA
South_Korea,1875,NA
South_Korea,1876,NA
South_Korea,1877,NA
South_Korea,1878,NA
South_Korea,1879,NA
South_Korea,1880,NA
South_Korea,1881,NA
South_Korea,1882,NA
South_Korea,1883,NA
South_Korea,1884,NA
South_Korea,1885,NA
South_Korea,1886,NA
South_Korea,1887,NA
South_Korea,1888,NA
South_Korea,1889,NA
South_Korea,1890,NA
South_Korea,1891,NA
South_Korea,1892,NA
South_Korea,1893,NA
South_Korea,1894,NA
South_Korea,1895,NA
South_Korea,1896,NA
South_Korea,1897,NA
South_Korea,1898,NA
South_Korea,1899,NA
South_Korea,1900,NA
South_Korea,1901,NA
South_Korea,1902,NA
South_Korea,1903,NA
South_Korea,1904,NA
South_Korea,1905,NA
South_Korea,1906,NA
South_Korea,1907,NA
South_Korea,1908,NA
South_Korea,1909,NA
South_Korea,1910,NA
South_Korea,1911,NA
South_Korea,1912,NA
South_Korea,1913,NA
South_Korea,1914,NA
South_Korea,1915,NA
South_Korea,1916,NA
South_Korea,1917,NA
South_Korea,1918,NA
South_Korea,1919,NA
South_Korea,1920,NA
South_Korea,1921,NA
South_Korea,1922,NA
South_Korea,1923,NA
South_Korea,1924,NA
South_Korea,1925,NA
South_Korea,1926,NA
South_Korea,1927,NA
South_Korea,1928,NA
South_Korea,1929,NA
South_Korea,1930,NA
South_Korea,1931,NA
South_Korea,1932,NA
South_Korea,1933,NA
South_Korea,1934,NA
South_Korea,1935,NA
South_Korea,1936,NA
South_Korea,1937,NA
South_Korea,1938,NA
South_Korea,1939,NA
South_Korea,1940,NA
South_Korea,1941,NA
South_Korea,1942,NA
South_Korea,1943,NA
South_Korea,1944,NA
South_Korea,1945,NA
South_Korea,1946,NA
South_Korea,1947,NA
South_Korea,1948,NA
South_Korea,1949,0.771462529
South_Korea,1950,0.802284185
South_Korea,1951,0.842772278
South_Korea,1952,0.879230211
South_Korea,1953,0.906411287
South_Korea,1954,0.920436621
South_Korea,1955,0.928878858
South_Korea,1956,0.919119579
South_Korea,1957,0.917275134
South_Korea,1958,0.915438596
South_Korea,1959,0.913605899
South_Korea,1960,0.91096476
South_Korea,1961,0.90023498
South_Korea,1962,0.898434686
South_Korea,1963,0.903072896
South_Korea,1964,0.898483016
South_Korea,1965,0.897335756
South_Korea,1966,0.892138684
South_Korea,1967,0.895192838
South_Korea,1968,0.894617389
South_Korea,1969,0.893216382
South_Korea,1970,0.894487056
South_Korea,1971,0.89254812
South_Korea,1972,0.891083969
South_Korea,1973,0.889894747
South_Korea,1974,0.888846876
South_Korea,1975,0.887402056
South_Korea,1976,0.88430669
South_Korea,1977,0.882275366
South_Korea,1978,0.881357833
South_Korea,1979,0.884471467
South_Korea,1980,0.879504093
South_Korea,1981,0.87921899
South_Korea,1982,0.877750099
South_Korea,1983,0.876976617
South_Korea,1984,0.876238728
South_Korea,1985,0.875433958
South_Korea,1986,0.8752746
South_Korea,1987,0.874688323
South_Korea,1988,0.876436773
South_Korea,1989,0.877995073
South_Korea,1990,0.877709347
South_Korea,1991,0.886419926
South_Korea,1992,0.885796305
South_Korea,1993,0.8851867
South_Korea,1994,0.884584023
South_Korea,1995,0.883982822
South_Korea,1996,0.876080232
South_Korea,1997,0.875503503
South_Korea,1998,0.875351972
South_Korea,1999,0.874393782
South_Korea,2000,0.87566048
South_Korea,2001,0.875021131
South_Korea,2002,0.874971364
South_Korea,2003,0.87467867
South_Korea,2004,0.874457463
South_Korea,2005,0.874430223
South_Korea,2006,0.874329899
South_Korea,2007,0.87404256
South_Korea,2008,0.851684526
South_Korea,2009,0.848545048
South_Korea,2010,0.848308529
South_Korea,2011,0.847928791
South_Korea,2012,0.847698833
South_Korea,2013,0.847479946
South_Korea,2014,0.844760635
North_Korea,1816,NA
North_Korea,1817,NA
North_Korea,1818,NA
North_Korea,1819,NA
North_Korea,1820,NA
North_Korea,1821,NA
North_Korea,1822,NA
North_Korea,1823,NA
North_Korea,1824,NA
North_Korea,1825,NA
North_Korea,1826,NA
North_Korea,1827,NA
North_Korea,1828,NA
North_Korea,1829,NA
North_Korea,1830,NA
North_Korea,1831,NA
North_Korea,1832,NA
North_Korea,1833,NA
North_Korea,1834,NA
North_Korea,1835,NA
North_Korea,1836,NA
North_Korea,1837,NA
North_Korea,1838,NA
North_Korea,1839,NA
North_Korea,1840,NA
North_Korea,1841,NA
North_Korea,1842,NA
North_Korea,1843,NA
North_Korea,1844,NA
North_Korea,1845,NA
North_Korea,1846,NA
North_Korea,1847,NA
North_Korea,1848,NA
North_Korea,1849,NA
North_Korea,1850,NA
North_Korea,1851,NA
North_Korea,1852,NA
North_Korea,1853,NA
North_Korea,1854,NA
North_Korea,1855,NA
North_Korea,1856,NA
North_Korea,1857,NA
North_Korea,1858,NA
North_Korea,1859,NA
North_Korea,1860,NA
North_Korea,1861,NA
North_Korea,1862,NA
North_Korea,1863,NA
North_Korea,1864,NA
North_Korea,1865,NA
North_Korea,1866,NA
North_Korea,1867,NA
North_Korea,1868,NA
North_Korea,1869,NA
North_Korea,1870,NA
North_Korea,1871,NA
North_Korea,1872,NA
North_Korea,1873,NA
North_Korea,1874,NA
North_Korea,1875,NA
North_Korea,1876,NA
North_Korea,1877,NA
North_Korea,1878,NA
North_Korea,1879,NA
North_Korea,1880,NA
North_Korea,1881,NA
North_Korea,1882,NA
North_Korea,1883,NA
North_Korea,1884,NA
North_Korea,1885,NA
North_Korea,1886,NA
North_Korea,1887,NA
North_Korea,1888,NA
North_Korea,1889,NA
North_Korea,1890,NA
North_Korea,1891,NA
North_Korea,1892,NA
North_Korea,1893,NA
North_Korea,1894,NA
North_Korea,1895,NA
North_Korea,1896,NA
North_Korea,1897,NA
North_Korea,1898,NA
North_Korea,1899,NA
North_Korea,1900,NA
North_Korea,1901,NA
North_Korea,1902,NA
North_Korea,1903,NA
North_Korea,1904,NA
North_Korea,1905,NA
North_Korea,1906,NA
North_Korea,1907,NA
North_Korea,1908,NA
North_Korea,1909,NA
North_Korea,1910,NA
North_Korea,1911,NA
North_Korea,1912,NA
North_Korea,1913,NA
North_Korea,1914,NA
North_Korea,1915,NA
North_Korea,1916,NA
North_Korea,1917,NA
North_Korea,1918,NA
North_Korea,1919,NA
North_Korea,1920,NA
North_Korea,1921,NA
North_Korea,1922,NA
North_Korea,1923,NA
North_Korea,1924,NA
North_Korea,1925,NA
North_Korea,1926,NA
North_Korea,1927,NA
North_Korea,1928,NA
North_Korea,1929,NA
North_Korea,1930,NA
North_Korea,1931,NA
North_Korea,1932,NA
North_Korea,1933,NA
North_Korea,1934,NA
North_Korea,1935,NA
North_Korea,1936,NA
North_Korea,1937,NA
North_Korea,1938,NA
North_Korea,1939,NA
North_Korea,1940,NA
North_Korea,1941,NA
North_Korea,1942,NA
North_Korea,1943,NA
North_Korea,1944,NA
North_Korea,1945,NA
North_Korea,1946,NA
North_Korea,1947,NA
North_Korea,1948,0.893158253
North_Korea,1949,0.804656467
North_Korea,1950,0.855476709
North_Korea,1951,0.84508715
North_Korea,1952,0.901107901
North_Korea,1953,0.917217463
North_Korea,1954,0.922490763
North_Korea,1955,0.926404455
North_Korea,1956,0.927624787
North_Korea,1957,0.931134704
North_Korea,1958,0.932572571
North_Korea,1959,0.933783392
North_Korea,1960,0.935013135
North_Korea,1961,0.931085169
North_Korea,1962,0.92740533
North_Korea,1963,0.920277889
North_Korea,1964,0.92051377
North_Korea,1965,0.921607414
North_Korea,1966,0.920344159
North_Korea,1967,0.918039002
North_Korea,1968,0.920493679
North_Korea,1969,0.918198313
North_Korea,1970,0.920654047
North_Korea,1971,0.920493523
North_Korea,1972,0.920081858
North_Korea,1973,0.919770884
North_Korea,1974,0.918126508
North_Korea,1975,0.916661185
North_Korea,1976,0.919663092
North_Korea,1977,0.921246956
North_Korea,1978,0.933719106
North_Korea,1979,0.939013947
North_Korea,1980,0.93885385
North_Korea,1981,0.944299319
North_Korea,1982,0.94459848
North_Korea,1983,0.943831708
North_Korea,1984,0.942892893
North_Korea,1985,0.94195805
North_Korea,1986,0.945594294
North_Korea,1987,0.944646033
North_Korea,1988,0.944008194
North_Korea,1989,0.957464794
North_Korea,1990,0.966204387
North_Korea,1991,0.965122046
North_Korea,1992,0.96401328
North_Korea,1993,0.956959295
North_Korea,1994,0.955831625
North_Korea,1995,0.954712706
North_Korea,1996,0.95359649
North_Korea,1997,0.952495023
North_Korea,1998,0.944557251
North_Korea,1999,0.943557029
North_Korea,2000,0.946238591
North_Korea,2001,0.950466537
North_Korea,2002,0.94999395
North_Korea,2003,0.949562149
North_Korea,2004,0.949888222
North_Korea,2005,0.950208506
North_Korea,2006,0.949793631
North_Korea,2007,0.949381662
North_Korea,2008,0.928709235
North_Korea,2009,0.93235205
North_Korea,2010,0.932043516
North_Korea,2011,0.931731685
North_Korea,2012,0.931419018
North_Korea,2013,0.931107381
North_Korea,2014,0.930800602
Israel,1816,NA
Israel,1817,NA
Israel,1818,NA
Israel,1819,NA
Israel,1820,NA
Israel,1821,NA
Israel,1822,NA
Israel,1823,NA
Israel,1824,NA
Israel,1825,NA
Israel,1826,NA
Israel,1827,NA
Israel,1828,NA
Israel,1829,NA
Israel,1830,NA
Israel,1831,NA
Israel,1832,NA
Israel,1833,NA
Israel,1834,NA
Israel,1835,NA
Israel,1836,NA
Israel,1837,NA
Israel,1838,NA
Israel,1839,NA
Israel,1840,NA
Israel,1841,NA
Israel,1842,NA
Israel,1843,NA
Israel,1844,NA
Israel,1845,NA
Israel,1846,NA
Israel,1847,NA
Israel,1848,NA
Israel,1849,NA
Israel,1850,NA
Israel,1851,NA
Israel,1852,NA
Israel,1853,NA
Israel,1854,NA
Israel,1855,NA
Israel,1856,NA
Israel,1857,NA
Israel,1858,NA
Israel,1859,NA
Israel,1860,NA
Israel,1861,NA
Israel,1862,NA
Israel,1863,NA
Israel,1864,NA
Israel,1865,NA
Israel,1866,NA
Israel,1867,NA
Israel,1868,NA
Israel,1869,NA
Israel,1870,NA
Israel,1871,NA
Israel,1872,NA
Israel,1873,NA
Israel,1874,NA
Israel,1875,NA
Israel,1876,NA
Israel,1877,NA
Israel,1878,NA
Israel,1879,NA
Israel,1880,NA
Israel,1881,NA
Israel,1882,NA
Israel,1883,NA
Israel,1884,NA
Israel,1885,NA
Israel,1886,NA
Israel,1887,NA
Israel,1888,NA
Israel,1889,NA
Israel,1890,NA
Israel,1891,NA
Israel,1892,NA
Israel,1893,NA
Israel,1894,NA
Israel,1895,NA
Israel,1896,NA
Israel,1897,NA
Israel,1898,NA
Israel,1899,NA
Israel,1900,NA
Israel,1901,NA
Israel,1902,NA
Israel,1903,NA
Israel,1904,NA
Israel,1905,NA
Israel,1906,NA
Israel,1907,NA
Israel,1908,NA
Israel,1909,NA
Israel,1910,NA
Israel,1911,NA
Israel,1912,NA
Israel,1913,NA
Israel,1914,NA
Israel,1915,NA
Israel,1916,NA
Israel,1917,NA
Israel,1918,NA
Israel,1919,NA
Israel,1920,NA
Israel,1921,NA
Israel,1922,NA
Israel,1923,NA
Israel,1924,NA
Israel,1925,NA
Israel,1926,NA
Israel,1927,NA
Israel,1928,NA
Israel,1929,NA
Israel,1930,NA
Israel,1931,NA
Israel,1932,NA
Israel,1933,NA
Israel,1934,NA
Israel,1935,NA
Israel,1936,NA
Israel,1937,NA
Israel,1938,NA
Israel,1939,NA
Israel,1940,NA
Israel,1941,NA
Israel,1942,NA
Israel,1943,NA
Israel,1944,NA
Israel,1945,NA
Israel,1946,NA
Israel,1947,NA
Israel,1948,1.011113772
Israel,1949,0.99009935
Israel,1950,0.97150601
Israel,1951,0.952596417
Israel,1952,0.947820671
Israel,1953,0.94562327
Israel,1954,0.943827619
Israel,1955,0.941011053
Israel,1956,0.93760083
Israel,1957,0.928932516
Israel,1958,0.92005115
Israel,1959,0.917254672
Israel,1960,0.914279156
Israel,1961,0.909155892
Israel,1962,0.908335142
Israel,1963,0.905346787
Israel,1964,0.902307501
Israel,1965,0.89978217
Israel,1966,0.897887378
Israel,1967,0.906841345
Israel,1968,0.92306547
Israel,1969,0.925032727
Israel,1970,0.926543048
Israel,1971,0.940926654
Israel,1972,0.938372291
Israel,1973,0.935889768
Israel,1974,0.959846553
Israel,1975,0.953679236
Israel,1976,0.951960242
Israel,1977,0.953333802
Israel,1978,0.951653838
Israel,1979,0.950610959
Israel,1980,0.954918101
Israel,1981,0.955489674
Israel,1982,0.955491174
Israel,1983,0.954568457
Israel,1984,0.953034309
Israel,1985,0.947867067
Israel,1986,0.940579502
Israel,1987,0.939372172
Israel,1988,0.942661364
Israel,1989,0.941393814
Israel,1990,0.938691071
Israel,1991,0.934244411
Israel,1992,0.928032934
Israel,1993,0.926113145
Israel,1994,0.925879598
Israel,1995,0.923950156
Israel,1996,0.922103541
Israel,1997,0.920273076
Israel,1998,0.91433821
Israel,1999,0.912108564
Israel,2000,0.910346342
Israel,2001,0.904344779
Israel,2002,0.901571354
Israel,2003,0.903019797
Israel,2004,0.901793985
Israel,2005,0.901012996
Israel,2006,0.899785812
Israel,2007,0.898563932
Israel,2008,0.872112474
Israel,2009,0.870531966
Israel,2010,0.869453697
Israel,2011,0.868365556
Israel,2012,0.867262938
Israel,2013,0.866169729
Israel,2014,0.865048055
Egypt,1816,NA
Egypt,1817,NA
Egypt,1818,NA
Egypt,1819,NA
Egypt,1820,NA
Egypt,1821,NA
Egypt,1822,NA
Egypt,1823,NA
Egypt,1824,NA
Egypt,1825,NA
Egypt,1826,NA
Egypt,1827,NA
Egypt,1828,NA
Egypt,1829,NA
Egypt,1830,NA
Egypt,1831,NA
Egypt,1832,NA
Egypt,1833,NA
Egypt,1834,NA
Egypt,1835,NA
Egypt,1836,NA
Egypt,1837,NA
Egypt,1838,NA
Egypt,1839,NA
Egypt,1840,NA
Egypt,1841,NA
Egypt,1842,NA
Egypt,1843,NA
Egypt,1844,NA
Egypt,1845,NA
Egypt,1846,NA
Egypt,1847,NA
Egypt,1848,NA
Egypt,1849,NA
Egypt,1850,NA
Egypt,1851,NA
Egypt,1852,NA
Egypt,1853,NA
Egypt,1854,NA
Egypt,1855,0.776368985
Egypt,1856,0.775333099
Egypt,1857,0.738872075
Egypt,1858,0.742742263
Egypt,1859,0.746303221
Egypt,1860,0.749590203
Egypt,1861,0.752632831
Egypt,1862,0.755466675
Egypt,1863,0.758112802
Egypt,1864,0.745584972
Egypt,1865,0.727023192
Egypt,1866,0.731206145
Egypt,1867,0.739551014
Egypt,1868,0.742821971
Egypt,1869,0.745852923
Egypt,1870,0.748668684
Egypt,1871,0.754747828
Egypt,1872,0.757036382
Egypt,1873,0.759187394
Egypt,1874,0.761204105
Egypt,1875,0.763088892
Egypt,1876,0.762088508
Egypt,1877,0.7610909
Egypt,1878,0.744395389
Egypt,1879,0.718723769
Egypt,1880,0.717786247
Egypt,1881,0.716845054
Egypt,1882,0.734215583
Egypt,1883,NA
Egypt,1884,NA
Egypt,1885,NA
Egypt,1886,NA
Egypt,1887,NA
Egypt,1888,NA
Egypt,1889,NA
Egypt,1890,NA
Egypt,1891,NA
Egypt,1892,NA
Egypt,1893,NA
Egypt,1894,NA
Egypt,1895,NA
Egypt,1896,NA
Egypt,1897,NA
Egypt,1898,NA
Egypt,1899,NA
Egypt,1900,NA
Egypt,1901,NA
Egypt,1902,NA
Egypt,1903,NA
Egypt,1904,NA
Egypt,1905,NA
Egypt,1906,NA
Egypt,1907,NA
Egypt,1908,NA
Egypt,1909,NA
Egypt,1910,NA
Egypt,1911,NA
Egypt,1912,NA
Egypt,1913,NA
Egypt,1914,NA
Egypt,1915,NA
Egypt,1916,NA
Egypt,1917,NA
Egypt,1918,NA
Egypt,1919,NA
Egypt,1920,NA
Egypt,1921,NA
Egypt,1922,NA
Egypt,1923,NA
Egypt,1924,NA
Egypt,1925,NA
Egypt,1926,NA
Egypt,1927,NA
Egypt,1928,NA
Egypt,1929,NA
Egypt,1930,NA
Egypt,1931,NA
Egypt,1932,NA
Egypt,1933,NA
Egypt,1934,NA
Egypt,1935,NA
Egypt,1936,NA
Egypt,1937,0.705119689
Egypt,1938,0.710241754
Egypt,1939,0.71214691
Egypt,1940,0.759237575
Egypt,1941,NA
Egypt,1942,NA
Egypt,1943,NA
Egypt,1944,NA
Egypt,1945,NA
Egypt,1946,0.753348412
Egypt,1947,0.761551506
Egypt,1948,0.768181232
Egypt,1949,0.77302886
Egypt,1950,0.775532091
Egypt,1951,0.776950627
Egypt,1952,0.779105556
Egypt,1953,0.781086748
Egypt,1954,0.782146389
Egypt,1955,0.783862666
Egypt,1956,0.783298104
Egypt,1957,0.783442004
Egypt,1958,0.790174927
Egypt,1959,0.814698534
Egypt,1960,0.814076452
Egypt,1961,0.832835272
Egypt,1962,0.832905736
Egypt,1963,0.798780293
Egypt,1964,0.808720691
Egypt,1965,0.823824202
Egypt,1966,0.825668929
Egypt,1967,0.825660068
Egypt,1968,0.816364839
Egypt,1969,0.826026193
Egypt,1970,0.831563114
Egypt,1971,0.844225373
Egypt,1972,0.856999692
Egypt,1973,0.855671355
Egypt,1974,0.857635623
Egypt,1975,0.854687799
Egypt,1976,0.852818906
Egypt,1977,0.845281902
Egypt,1978,0.859734584
Egypt,1979,0.858141979
Egypt,1980,0.856555113
Egypt,1981,0.855085432
Egypt,1982,0.853398739
Egypt,1983,0.851616504
Egypt,1984,0.852961201
Egypt,1985,0.851397059
Egypt,1986,0.839904482
Egypt,1987,0.846049733
Egypt,1988,0.844940369
Egypt,1989,0.843305419
Egypt,1990,0.83904851
Egypt,1991,0.837734447
Egypt,1992,0.835016796
Egypt,1993,0.83427221
Egypt,1994,0.833841761
Egypt,1995,0.832537157
Egypt,1996,0.831264436
Egypt,1997,0.829996333
Egypt,1998,0.826590993
Egypt,1999,0.825567181
Egypt,2000,0.827155863
Egypt,2001,0.828979644
Egypt,2002,0.827454023
Egypt,2003,0.826915638
Egypt,2004,0.826655792
Egypt,2005,0.826384126
Egypt,2006,0.825036139
Egypt,2007,0.823598277
Egypt,2008,0.840966788
Egypt,2009,0.840028536
Egypt,2010,0.83700319
Egypt,2011,0.83597476
Egypt,2012,0.834898044
Egypt,2013,0.833803134
Egypt,2014,0.832728249
Iran,1816,NA
Iran,1817,NA
Iran,1818,NA
Iran,1819,NA
Iran,1820,NA
Iran,1821,NA
Iran,1822,NA
Iran,1823,NA
Iran,1824,NA
Iran,1825,NA
Iran,1826,NA
Iran,1827,NA
Iran,1828,NA
Iran,1829,NA
Iran,1830,NA
Iran,1831,NA
Iran,1832,NA
Iran,1833,NA
Iran,1834,NA
Iran,1835,NA
Iran,1836,NA
Iran,1837,NA
Iran,1838,NA
Iran,1839,NA
Iran,1840,NA
Iran,1841,NA
Iran,1842,NA
Iran,1843,NA
Iran,1844,NA
Iran,1845,NA
Iran,1846,NA
Iran,1847,NA
Iran,1848,NA
Iran,1849,NA
Iran,1850,NA
Iran,1851,NA
Iran,1852,NA
Iran,1853,NA
Iran,1854,NA
Iran,1855,0.742168059
Iran,1856,0.74170611
Iran,1857,0.741257466
Iran,1858,0.740803748
Iran,1859,0.740354082
Iran,1860,0.743907451
Iran,1861,0.743454655
Iran,1862,0.743005888
Iran,1863,0.742561083
Iran,1864,0.742111569
Iran,1865,0.74165751
Iran,1866,0.745005181
Iran,1867,0.744548529
Iran,1868,0.744104326
Iran,1869,0.74365574
Iran,1870,0.743202928
Iran,1871,0.742762288
Iran,1872,0.742309382
Iran,1873,0.741868516
Iran,1874,0.741415681
Iran,1875,0.740974752
Iran,1876,0.770311811
Iran,1877,0.769846046
Iran,1878,0.769384438
Iran,1879,0.768926918
Iran,1880,0.76848899
Iran,1881,0.768008442
Iran,1882,0.767053023
Iran,1883,0.766100177
Iran,1884,0.765150121
Iran,1885,0.750905473
Iran,1886,0.749977364
Iran,1887,0.749045777
Iran,1888,0.748117913
Iran,1889,0.74719392
Iran,1890,0.746273933
Iran,1891,0.745351778
Iran,1892,0.744775462
Iran,1893,0.744205782
Iran,1894,0.743630426
Iran,1895,0.743055687
Iran,1896,0.742487575
Iran,1897,0.741914195
Iran,1898,0.741347428
Iran,1899,0.740775649
Iran,1900,0.740210466
Iran,1901,0.73987108
Iran,1902,0.739478085
Iran,1903,0.739032786
Iran,1904,0.738646456
Iran,1905,0.751340634
Iran,1906,0.750898931
Iran,1907,0.750515649
Iran,1908,0.750135317
Iran,1909,0.74970421
Iran,1910,0.749330056
Iran,1911,0.748905902
Iran,1912,0.748537741
Iran,1913,0.748120332
Iran,1914,0.795995297
Iran,1915,0.7956139
Iran,1916,0.795127603
Iran,1917,0.618757305
Iran,1918,0.77654031
Iran,1919,0.77132501
Iran,1920,0.765770559
Iran,1921,0.759724136
Iran,1922,0.751341434
Iran,1923,0.744130871
Iran,1924,0.738848188
Iran,1925,0.763748717
Iran,1926,0.763363584
Iran,1927,0.762507776
Iran,1928,0.761666452
Iran,1929,0.760839159
Iran,1930,0.759980647
Iran,1931,0.75926908
Iran,1932,0.758558926
Iran,1933,0.820280867
Iran,1934,0.819518382
Iran,1935,0.817292018
Iran,1936,0.815786367
Iran,1937,0.813521368
Iran,1938,0.811223686
Iran,1939,0.737980596
Iran,1940,0.829871735
Iran,1941,0.831397296
Iran,1942,0.785474031
Iran,1943,0.799252892
Iran,1944,0.803560564
Iran,1945,0.805989324
Iran,1946,0.813281861
Iran,1947,0.805275154
Iran,1948,0.805295655
Iran,1949,0.818979255
Iran,1950,0.818446926
Iran,1951,0.822303173
Iran,1952,0.825776759
Iran,1953,0.824363821
Iran,1954,0.82295152
Iran,1955,0.819429065
Iran,1956,0.81649838
Iran,1957,0.820043093
Iran,1958,0.822739494
Iran,1959,0.82559574
Iran,1960,0.843328175
Iran,1961,0.833520927
Iran,1962,0.836986386
Iran,1963,0.835165299
Iran,1964,0.833347488
Iran,1965,0.833203872
Iran,1966,0.833020134
Iran,1967,0.831453844
Iran,1968,0.829893177
Iran,1969,0.832954525
Iran,1970,0.83708237
Iran,1971,0.838186951
Iran,1972,0.839185462
Iran,1973,0.84245762
Iran,1974,0.846467685
Iran,1975,0.859240506
Iran,1976,0.863401015
Iran,1977,0.849110678
Iran,1978,0.846876164
Iran,1979,0.855823018
Iran,1980,0.833440124
Iran,1981,0.820846457
Iran,1982,0.81349635
Iran,1983,0.811377996
Iran,1984,0.830866687
Iran,1985,0.830341781
Iran,1986,0.828471788
Iran,1987,0.828041889
Iran,1988,0.866847237
Iran,1989,0.860334764
Iran,1990,0.838649671
Iran,1991,0.840820248
Iran,1992,0.847624652
Iran,1993,0.846327709
Iran,1994,0.845092703
Iran,1995,0.83784892
Iran,1996,0.845267457
Iran,1997,0.849661662
Iran,1998,0.831041017
Iran,1999,0.83018056
Iran,2000,0.836329045
Iran,2001,0.838327755
Iran,2002,0.838343348
Iran,2003,0.83988649
Iran,2004,0.831610486
Iran,2005,0.822357842
Iran,2006,0.837829584
Iran,2007,0.83710891
Iran,2008,0.819849742
Iran,2009,0.819294642
Iran,2010,0.818719325
Iran,2011,0.818120573
Iran,2012,0.817503783
Iran,2013,0.816881571
Iran,2014,0.816270878
Iraq,1816,NA
Iraq,1817,NA
Iraq,1818,NA
Iraq,1819,NA
Iraq,1820,NA
Iraq,1821,NA
Iraq,1822,NA
Iraq,1823,NA
Iraq,1824,NA
Iraq,1825,NA
Iraq,1826,NA
Iraq,1827,NA
Iraq,1828,NA
Iraq,1829,NA
Iraq,1830,NA
Iraq,1831,NA
Iraq,1832,NA
Iraq,1833,NA
Iraq,1834,NA
Iraq,1835,NA
Iraq,1836,NA
Iraq,1837,NA
Iraq,1838,NA
Iraq,1839,NA
Iraq,1840,NA
Iraq,1841,NA
Iraq,1842,NA
Iraq,1843,NA
Iraq,1844,NA
Iraq,1845,NA
Iraq,1846,NA
Iraq,1847,NA
Iraq,1848,NA
Iraq,1849,NA
Iraq,1850,NA
Iraq,1851,NA
Iraq,1852,NA
Iraq,1853,NA
Iraq,1854,NA
Iraq,1855,NA
Iraq,1856,NA
Iraq,1857,NA
Iraq,1858,NA
Iraq,1859,NA
Iraq,1860,NA
Iraq,1861,NA
Iraq,1862,NA
Iraq,1863,NA
Iraq,1864,NA
Iraq,1865,NA
Iraq,1866,NA
Iraq,1867,NA
Iraq,1868,NA
Iraq,1869,NA
Iraq,1870,NA
Iraq,1871,NA
Iraq,1872,NA
Iraq,1873,NA
Iraq,1874,NA
Iraq,1875,NA
Iraq,1876,NA
Iraq,1877,NA
Iraq,1878,NA
Iraq,1879,NA
Iraq,1880,NA
Iraq,1881,NA
Iraq,1882,NA
Iraq,1883,NA
Iraq,1884,NA
Iraq,1885,NA
Iraq,1886,NA
Iraq,1887,NA
Iraq,1888,NA
Iraq,1889,NA
Iraq,1890,NA
Iraq,1891,NA
Iraq,1892,NA
Iraq,1893,NA
Iraq,1894,NA
Iraq,1895,NA
Iraq,1896,NA
Iraq,1897,NA
Iraq,1898,NA
Iraq,1899,NA
Iraq,1900,NA
Iraq,1901,NA
Iraq,1902,NA
Iraq,1903,NA
Iraq,1904,NA
Iraq,1905,NA
Iraq,1906,NA
Iraq,1907,NA
Iraq,1908,NA
Iraq,1909,NA
Iraq,1910,NA
Iraq,1911,NA
Iraq,1912,NA
Iraq,1913,NA
Iraq,1914,NA
Iraq,1915,NA
Iraq,1916,NA
Iraq,1917,NA
Iraq,1918,NA
Iraq,1919,NA
Iraq,1920,NA
Iraq,1921,NA
Iraq,1922,NA
Iraq,1923,NA
Iraq,1924,NA
Iraq,1925,NA
Iraq,1926,NA
Iraq,1927,NA
Iraq,1928,NA
Iraq,1929,NA
Iraq,1930,NA
Iraq,1931,NA
Iraq,1932,0.745676655
Iraq,1933,0.731072715
Iraq,1934,0.730635243
Iraq,1935,0.756294024
Iraq,1936,0.779517557
Iraq,1937,0.793862633
Iraq,1938,0.808615042
Iraq,1939,0.778148821
Iraq,1940,NA
Iraq,1941,NA
Iraq,1942,NA
Iraq,1943,NA
Iraq,1944,NA
Iraq,1945,NA
Iraq,1946,0.83672182
Iraq,1947,0.79879958
Iraq,1948,0.79725373
Iraq,1949,0.795613294
Iraq,1950,0.803132287
Iraq,1951,0.80763691
Iraq,1952,0.813448992
Iraq,1953,0.818520165
Iraq,1954,0.821461659
Iraq,1955,0.825493947
Iraq,1956,0.829610756
Iraq,1957,0.831172303
Iraq,1958,0.834051838
Iraq,1959,0.823582008
Iraq,1960,0.840944866
Iraq,1961,0.853388574
Iraq,1962,0.852174134
Iraq,1963,0.840684306
Iraq,1964,0.838640984
Iraq,1965,0.845225047
Iraq,1966,0.843172312
Iraq,1967,0.841110228
Iraq,1968,0.839064265
Iraq,1969,0.837028753
Iraq,1970,0.838952237
Iraq,1971,0.844115382
Iraq,1972,0.842044761
Iraq,1973,0.839958263
Iraq,1974,0.841196519
Iraq,1975,0.863588395
Iraq,1976,0.87590844
Iraq,1977,0.851367537
Iraq,1978,0.91663872
Iraq,1979,0.928826167
Iraq,1980,0.924390838
Iraq,1981,0.915723865
Iraq,1982,0.915714473
Iraq,1983,0.918510853
Iraq,1984,0.957919399
Iraq,1985,0.955621624
Iraq,1986,0.954384649
Iraq,1987,0.961623505
Iraq,1988,0.966616789
Iraq,1989,0.964407651
Iraq,1990,0.984568519
Iraq,1991,0.909028171
Iraq,1992,0.89707921
Iraq,1993,0.89585854
Iraq,1994,0.897543992
Iraq,1995,0.900020666
Iraq,1996,0.898408876
Iraq,1997,0.888639018
Iraq,1998,0.890130157
Iraq,1999,0.888278644
Iraq,2000,0.887882958
Iraq,2001,0.882666204
Iraq,2002,0.875018241
Iraq,2003,0.873186748
Iraq,2004,0.850274268
Iraq,2005,0.817619604
Iraq,2006,0.831774696
Iraq,2007,0.830046504
Iraq,2008,0.867800957
Iraq,2009,0.874612614
Iraq,2010,0.885170688
Iraq,2011,0.883427009
Iraq,2012,0.881594572
Iraq,2013,0.786908801
Iraq,2014,0.795284112
