Conflict_Name,Type_of_Society,Time_Type,Area,Year_Start,Year_End,Mid_Point,Total_Combatants_W,Casualties_C,LN_W,LN_C,C_W,Y,Y_from_Reg
Achaelous,State,Historical,West Asia/Europe,917,917,917,122000,61000,11.71177632,11.01862914,0.5,1.215657179,1.17
Adys,State,Historical,Europe/North Africa,-255,-255,-255,21000,4500,9.952277717,8.411832676,0.214285714,1.168647905,1.17
Agrigentum,State,Historical,Europe/North Africa,-262,-262,-262,90000,4200,11.40756495,8.342839804,0.046666667,1.013513022,1.17
Ajnadayn,State,Historical,West Asia,634,634,634,40000,20000,10.59663473,9.903487553,0.5,1.238351959,1.17
Al-Qaddissiyah,State,Historical,West Asia,636,636,636,110000,30500,11.60823564,10.32548196,0.277272727,1.166788666,1.17
Algerian Civil War (1991  - 2002),State,Contemporary,North Africa,1991,2002,1996.5,180000,200000,12.10071213,12.20607265,1.111111111,1.274714108,1.17
Algerian War of Independence (1954  - 1962),State,Contemporary,North Africa,1954,1962,1958,903000,925000,13.71347783,13.73754902,1.024363234,1.236478817,1.17
Altai Mountains,State,Historical,East Asia,89,89,89,297000,14000,12.60148742,9.546812609,0.047138047,1.013030288,1.17
American Civil War (1861  - 1865),State,Historical,North America,1861,1865,1863,3050000,800000,14.93065215,13.59236701,0.262295082,1.125955026,1.17
Amphipolis,State,Historical,Europe,-422,-422,-422,4500,608,8.411832676,6.410174882,0.135111111,1.144703072,1.17
An Lushan Rebellion,State,Historical,East Asia,755,763,759,900000,24500000,13.71015004,17.01418368,27.22222222,1.475772288,1.17
Aquae Sextiae,State,Historical,Europe,-102,-102,-102,160000,91000,11.98292909,11.41861479,0.56875,1.221528601,1.17
Arcadiopolis,State,Historical,West Asia,970,970,970,41000,5050,10.62132735,8.527143522,0.123170732,1.105889967,1.17
Asculum ,State,Historical,Europe,-279,-279,-279,156000,9500,11.95761129,9.159047078,0.060897436,1.035150132,1.17
Assiniboin,Small Scale,Ethnographic,North America,1849,1849,1849,52,52,3.951243719,3.951243719,1,1.814648767,1.17
Badr,State,Historical ,West Asia,624,624,624,1605,84,7.380879036,4.430816799,0.052336449,1.036420267,1.17
Baecula,State,Historical ,Europe/North Africa,208,208,208,60000,8000,11.00209984,8.987196821,0.133333333,1.109431183,1.17
Bagradas,State,Historical,Europe/North Africa,-255,-255,-255,29500,12800,10.29214554,9.45720045,0.433898305,1.231626217,1.17
Bai ju ,State,Historical,East Asia,-506,-506,-506,283000,200000,12.55320218,12.20607265,0.706713781,1.228766035,1.17
Bangladesh Liberation War (1971),State,Contemporary,South Asia,1971,1971,1971,1065000,2000000,13.87848536,14.50865774,1.877934272,1.277339213,1.17
Battle of Agincourt,State,Historical,Europe,1415,1415,1415,28500,10600,10.25765937,9.26860928,0.371929825,1.217381535,1.17
Battle of Alc‰ntara,State,Historical,Europe,1580,1580,1580,23300,4500,10.05620864,8.411832676,0.193133047,1.156569928,1.17
Battle of Alfarrobeira,State,Historical,Europe,1449,1449,1449,36000,4500,10.49127422,8.411832676,0.125,1.108607807,1.17
Battle of Aljubarrota,State,Historical,Europe,1385,1385,1385,37600,5800,10.53475933,8.665613197,0.154255319,1.12812155,1.17
Battle of Almansa,State,Historical,Europe,1707,1707,1707,47000,9000,10.75790288,9.104979856,0.191489362,1.145563017,1.17
Battle of Ancrum Moor,State,Historical,Europe,1545,1545,1545,7700,805,8.948975608,6.690842277,0.104545455,1.107357818,1.17
Battle of Ankara,State,Historical,West Asia/Central Asia,1402,1402,1402,225000,80000,12.32385568,11.28978191,0.355555556,1.177282347,1.17
Battle of Arbedo,State,Historical,Europe,1422,1422,1422,18500,1500,9.825526011,7.313220387,0.081081081,1.071911692,1.17
Battle of Aughrim,State,Historical,Europe,1691,1691,1691,38000,7000,10.54534144,8.853665428,0.184210526,1.144822225,1.17
Battle of Aussig,State,Historical,Europe,1426,1426,1426,14000,4030,9.546812609,8.301521655,0.287857143,1.206727099,1.17
Battle of Axtoma,State,Historical,Europe,1565,1565,1565,18100,2300,9.803667217,7.740664402,0.127071823,1.117902106,1.17
Battle of Baia,State,Historical,Europe,1467,1467,1467,29500,14000,10.29214554,9.546812609,0.474576271,1.240333066,1.17
Battle of Bannockburn,State,Historical,Europe,1314,1314,1314,27500,10400,10.22194128,9.249561085,0.378181818,1.219771917,1.17
Battle of Barnet,State,Historical,Europe,1471,1471,1471,28250,1500,10.24884874,7.313220387,0.053097345,1.027637004,1.17
Battle of Bauge,State,Historical,Europe,1421,1421,1421,9000,1300,9.104979856,7.170119543,0.144444444,1.141023432,1.17
Battle of Benburb,State,Historical,Europe,1646,1646,1646,11000,2800,9.305650552,7.937374696,0.254545455,1.198868414,1.17
Battle of Berestechko,State,Historical,Europe,1651,1651,1651,210000,31000,12.25486281,10.34174248,0.147619048,1.106549989,1.17
Battle of Bhuchar Mori,State,Historical,South Asia,1591,1591,1591,28000,2150,10.23995979,7.673223121,0.076785714,1.063685715,1.17
Battle of Biococca,State,Historical,Europe,1522,1522,1522,43000,3800,10.66895539,8.242756346,0.088372093,1.074297506,1.17
Battle of Blenheim,State,Historical,Europe,1704,1704,1704,108000,51084,11.58988651,10.84122662,0.473,1.213135472,1.17
Battle of Blore Heath,State,Historical,Europe,1459,1459,1459,15000,3000,9.61580548,8.006367568,0.2,1.167374217,1.17
Battle of Breadfield,State,Historical,Europe/West Asia,1479,1479,1479,29500,16250,10.29214554,9.695848188,0.550847458,1.254813582,1.17
Battle of Breitenfeld,State,Historical,Europe,1631,1631,1631,76300,32550,11.24242822,10.39053265,0.426605505,1.210539948,1.17
Battle of Breitenfeld 2,State,Historical,Europe,1642,1642,1642,40000,14000,10.59663473,9.546812609,0.35,1.204692693,1.17
Battle of Brobacka,State,Historical,Europe,1566,1566,1566,11200,3050,9.323669057,8.02289687,0.272321429,1.205724123,1.17
Battle of Brustem,State,Historical,Europe,1467,1467,1467,37000,4800,10.51867319,8.476371197,0.12972973,1.111855726,1.17
Battle of Bryn Glas,State,Historical,Europe,1402,1402,1402,3500,800,8.160518247,6.684611728,0.228571429,1.213585615,1.17
Battle of Byczyna,State,Historical,Europe,1588,1588,1588,12500,3000,9.433483923,8.006367568,0.24,1.189936134,1.17
Battle of Byeokjegwan,State,Historical,East Asia,1593,1593,1593,60000,4000,11.00209984,8.29404964,0.066666667,1.04642983,1.17
Battle of Cajamarca,State,Historical,Europe/South America,1532,1532,1532,8168,2004,9.00797936,7.602900462,0.245347698,1.201354472,1.17
Battle of Campaldino,State,Historical,Europe,1289,1289,1289,22400,2000,10.01681624,7.60090246,0.089285714,1.080161403,1.17
Battle of Castagnaro,State,Historical,Europe,1387,1387,1387,36500,7500,10.50506754,8.9226583,0.205479452,1.155778778,1.17
Battle of Castillon,State,Historical,Europe,1453,1453,1453,16250,4100,9.695848188,8.318742253,0.252307692,1.189954489,1.17
Battle of Ceresole,State,Historical,Europe,1544,1544,1544,29000,7250,10.27505111,8.888756748,0.25,1.17835254,1.17
Battle of Cerignola,State,Historical,Europe,1503,1503,1503,15300,2500,9.635608107,7.824046011,0.163398693,1.146053442,1.17
Battle of Chaldiran,State,Historical,West Asia,1514,1514,1514,134000,7000,11.80559508,8.853665428,0.052238806,1.022611836,1.17
Battle of Chojnice,State,Historical,Europe,1454,1454,1454,34000,3100,10.4341158,8.03915739,0.091176471,1.078963798,1.17
Battle of Chudnov,State,Historical,Europe,1660,1660,1660,90000,7300,11.40756495,8.895629627,0.081111111,1.061971201,1.17
Battle of Coutras,State,Historical,Europe,1587,1587,1587,13600,2040,9.517825072,7.620705087,0.15,1.138871626,1.17
Battle of Craibstone,State,Historical,Europe,1571,1571,1571,1700,500,7.43838353,6.214608098,0.294117647,1.26821693,1.17
Battle of Cravant,State,Historical,Europe,1423,1423,1423,12000,7600,9.392661929,8.935903526,0.633333333,1.294071845,1.17
Battle of Deutschbrod,State,Historical,Europe,1422,1422,1422,2400,510,7.783224016,6.234410726,0.2125,1.214572076,1.17
Battle of Dirschau,State,Historical,Europe,1627,1627,1627,17900,400,9.792555992,5.991464547,0.022346369,0.940545081,1.17
Battle of Dreux,State,Historical,Europe,1562,1562,1562,32000,7000,10.37349118,8.853665428,0.21875,1.163787682,1.17
Battle of Dunbar,State,Historical,Europe,1650,1650,1650,33000,2020,10.40426284,7.61085279,0.061212121,1.040893409,1.17
Battle of Dupplin Moor,State,Historical,Europe,1331,1331,1331,14750,7533,9.598998362,8.927048648,0.510711864,1.265332487,1.17
Battle of Edgehill ,State,Historical,Europe,1642,1642,1642,27400,1000,10.21829829,6.907755279,0.03649635,0.991029114,1.17
Battle of Elmina,State,Historical,Europe,1625,1625,1625,1456,1182,7.283448229,7.074963198,0.811813187,1.413319447,1.17
Battle of Elvas,State,Historical,Europe,1659,1659,1659,28000,11401,10.23995979,9.34145635,0.407178571,1.226599756,1.17
Battle of Falkirk,State,Historical,Europe,1298,1298,1298,21000,4000,9.952277717,8.29404964,0.19047619,1.156813123,1.17
Battle of Fleurus,State,Historical,Europe,1622,1622,1622,22000,5300,9.998797732,8.5754621,0.240909091,1.179575609,1.17
Battle of Flodden,State,Historical,Europe,1513,1513,1513,31000,11000,10.34174248,9.305650552,0.35483871,1.211065388,1.17
Battle of Formigny,State,Historical,Europe,1450,1450,1450,9500,3450,9.159047078,8.14612951,0.363157895,1.240850193,1.17
Battle of Fornovo,State,Historical,Europe,1495,1495,1495,30500,3200,10.32548196,8.070906089,0.104918033,1.093390309,1.17
Battle of Freiburg,State,Historical,Europe,1644,1644,1644,36500,10000,10.50506754,9.210340372,0.273972603,1.183163854,1.17
Battle of Garigliano,State,Historical,Europe,1503,1503,1503,27000,4900,10.20359214,8.496990484,0.181481481,1.148209978,1.17
Battle of Gembloux,State,Historical,Europe,1578,1578,1578,43500,9520,10.68051622,9.161150128,0.218850575,1.159122434,1.17
Battle of Gerberoy,State,Historical,Europe,1435,1435,1435,3600,1010,8.188689124,6.91770561,0.280555556,1.237875963,1.17
Battle of Glenlivet,State,Historical,Europe,1594,1594,1594,12000,514,9.392661929,6.242223265,0.042833333,1.007286237,1.17
Battle of Gorzno,State,Historical,Europe,1629,1629,1629,12000,730,9.392661929,6.593044534,0.060833333,1.044636806,1.17
Battle of Grandson,State,Historical,Europe,1476,1476,1476,38000,1100,10.54534144,7.003065459,0.028947368,0.969332415,1.17
Battle of Grunwald,State,Historical,Europe,1410,1410,1410,42500,18000,10.65725935,9.798127037,0.423529412,1.221421233,1.17
Battle of H_chst,State,Historical,Europe,1622,1622,1622,43000,2100,10.66895539,7.649692624,0.048837209,1.018709709,1.17
Battle of Heiligerlee,State,Historical,Europe,1568,1568,1568,7320,1800,8.898365607,7.495541944,0.245901639,1.204088283,1.17
Battle of Honigfelde,State,Historical,Europe,1629,1629,1629,14300,900,9.568014816,6.802394763,0.062937063,1.047371976,1.17
Battle of Honnecourt,State,Historical,Europe,1642,1642,1642,28000,4200,10.23995979,8.342839804,0.15,1.129078226,1.17
Battle of Hulst,State,Historical,Europe,1645,1645,1645,17750,4100,9.784140795,8.318742253,0.230985915,1.179216277,1.17
Battle of Hummelshof,State,Historical,Europe,1702,1702,1702,28000,5000,10.23995979,8.517193191,0.178571429,1.14610499,1.17
Battle of Inverlochy,State,Historical,Europe,1645,1645,1645,4500,1750,8.411832676,7.467371067,0.388888889,1.270382722,1.17
Battle of Jankov,State,Historical,Europe,1645,1645,1645,32000,6000,10.37349118,8.699514748,0.1875,1.148927624,1.17
Battle of Jarte,State,Historical,Europe/East Africa,1542,1542,1542,14800,811,9.60238246,6.698268054,0.054797297,1.032779513,1.17
Battle of Jemmingen,State,Historical,Europe,1568,1568,1568,27000,7080,10.20359214,8.865029187,0.262222222,1.184279501,1.17
Battle of Jodoigne,State,Historical,Europe,1568,1568,1568,51500,3020,10.84933709,8.01301211,0.058640777,1.035260297,1.17
Battle of Kawanakajima 4,State,Historical,East Asia,1553,1554,1554,38000,7300,10.54534144,8.895629627,0.192105263,1.148801632,1.17
Battle of Keresztes,State,Historical,Europe/West Asia,1596,1596,1596,145000,45500,11.88448902,10.7254676,0.313793103,1.173322926,1.17
Battle of Khotyn 1,State,Historical,Europe/Central Asia,1621,1621,1621,195000,54000,12.18075484,10.89673933,0.276923077,1.158845682,1.17
Battle of Kirchholm,State,Historical,Europe,1605,1605,1605,14468,7900,9.579694593,8.974618038,0.546032624,1.272847871,1.17
Battle of Kliszow,State,Historical,Europe,1702,1702,1702,36000,5500,10.49127422,8.612503371,0.152777778,1.127735197,1.17
Battle of Klushino,State,Historical,Europe/Central Asia,1610,1610,1610,41700,5400,10.63825641,8.594154233,0.129496403,1.110429153,1.17
Battle of Knocknanauss,State,Historical,Europe,1647,1647,1647,12200,4000,9.409191231,8.29404964,0.327868852,1.223582897,1.17
Battle of Koronowo,State,Historical,Europe,1410,1410,1410,6000,1100,8.699514748,7.003065459,0.183333333,1.175001317,1.17
Battle of Kosovo,State,Historical,Europe/West Asia,1389,1389,1389,54500,51000,10.90595598,10.83958091,0.935779817,1.289062303,1.17
Battle of Kosovo II,State,Historical,Europe/West Asia,1448,1448,1448,76000,14000,11.23848862,9.546812609,0.184210526,1.135890142,1.17
Battle of Krbava Field,State,Historical,Europe/West Asia,1493,1493,1493,19500,7000,9.878169745,8.853665428,0.358974359,1.222143531,1.17
Battle of Kringen,State,Historical,Europe,1612,1612,1612,700,292,6.551080335,5.676753802,0.417142857,1.357887428,1.17
Battle of La Brossinière,State,Historical,Europe,1423,1423,1423,8800,1600,9.082507,7.377758908,0.181818182,1.166708127,1.17
Battle of La Motta,State,Historical,Europe,1513,1513,1513,21500,5000,9.975808214,8.517193191,0.23255814,1.176452951,1.17
Battle of Lake Poyang,State,Historical,East Asia,1363,1363,1363,850000,641346,13.65299163,13.37132437,0.754524706,1.215132965,1.17
Battle of Lansdown Hill,State,Historical,Europe,1643,1643,1643,10300,270,9.239899174,5.598421959,0.026213592,0.95426342,1.17
Battle of Lepanto,State,Historical,Europe/West Asia,1571,1571,1571,149990,27500,11.9183239,10.22194128,0.183345556,1.127743902,1.17
Battle of Lipany,State,Historical,Europe,1434,1434,1434,15000,2200,9.61580548,7.696212639,0.146666667,1.135119516,1.17
Battle of Lubiesz—w,State,Historical,Europe,1577,1577,1577,13500,4508,9.510444964,8.413608875,0.333925926,1.223127282,1.17
Battle of Lutter,State,Historical,Europe,1626,1626,1626,40000,6200,10.59663473,8.732304571,0.155,1.127827909,1.17
Battle of LŸtzen,State,Historical,Europe,1632,1632,1632,41000,6900,10.62132735,8.839276691,0.168292683,1.135277364,1.17
Battle of Magdeburg,State,Historical,Europe,1631,1631,1631,26400,25300,10.18111929,10.13855967,0.958333333,1.311981043,1.17
Battle of Maidstone,State,Historical,Europe,1648,1648,1648,6000,880,8.699514748,6.779921907,0.146666667,1.149351202,1.17
Battle of Marciano,State,Historical,Europe,1554,1554,1554,33500,4200,10.41930072,8.342839804,0.125373134,1.109644106,1.17
Battle of Mared,State,Historical,Europe,1563,1563,1563,16500,2950,9.71111566,7.989560449,0.178787879,1.154186261,1.17
Battle of Marignano,State,Historical,Europe,1515,1515,1515,60900,17000,11.01698845,9.740968623,0.279146141,1.176350915,1.17
Battle of Marj Dabiq,State,Historical,West Asia/North Africa,1516,1516,1516,145000,85000,11.88448902,11.35040654,0.586206897,1.225907343,1.17
Battle of Marston Moor,State,Historical,Europe,1644,1644,1644,42000,4300,10.6454249,8.366370302,0.102380952,1.088284051,1.17
Battle of Mello,State,Historical,Europe,1358,1358,1358,6500,4520,8.779557456,8.416267273,0.695384615,1.325253939,1.17
Battle of Methven,State,Historical,Europe,1306,1306,1306,8500,3600,9.047821442,8.188689124,0.423529412,1.260807922,1.17
Battle of Mikatagahara,State,Historical,East Asia,1573,1573,1573,46000,1250,10.73639668,7.13089883,0.027173913,0.963989592,1.17
Battle of Mimasetoge,State,Historical,East Asia,1569,1569,1569,30000,4100,10.30895266,8.318742253,0.136666667,1.119184311,1.17
Battle of Mingolsheim,State,Historical,Europe,1622,1622,1622,40000,2500,10.59663473,7.824046011,0.0625,1.042115928,1.17
Battle of Molodi ,State,Historical,Central Asia,1572,1572,1572,74000,31000,11.21182037,10.34174248,0.418918919,1.209493005,1.17
Battle of Mookerheyde,State,Historical,Europe,1574,1574,1574,13900,3150,9.539644119,8.055157732,0.226618705,1.18180861,1.17
Battle of Morat,State,Historical,Europe,1476,1476,1476,35000,8160,10.46310334,9.006999448,0.233142857,1.168475057,1.17
Battle of MŸhlberg,State,Historical,Europe,1547,1547,1547,45000,7200,10.71441777,8.881836305,0.16,1.129385879,1.17
Battle of N_rdlingen,State,Historical,Europe,1634,1634,1634,59600,10400,10.99541085,9.249561085,0.174496644,1.13396735,1.17
Battle of Nagashino,State,Historical,East Asia,1575,1575,1575,53000,17000,10.87804719,9.740968623,0.320754717,1.191376009,1.17
Battle of Narva,State,Historical,Europe,1700,1700,1700,49300,9667,10.80567936,9.176473302,0.196085193,1.147114283,1.17
Battle of Naseby,State,Historical,Europe,1645,1645,1645,21400,1400,9.971146201,7.244227516,0.065420561,1.049338073,1.17
Battle of Nieuwpoort,State,Historical,Europe,1600,1600,1600,20300,5500,9.918376165,8.612503371,0.270935961,1.19287462,1.17
Battle of No‡in,State,Historical,Europe,1521,1521,1521,40000,5300,10.59663473,8.5754621,0.1325,1.113026751,1.17
Battle of Novara,State,Historical,Europe,1513,1513,1513,33450,9000,10.41780707,9.104979856,0.269058296,1.182960637,1.17
Battle of Obertyn,State,Historical,Europe,1531,1531,1531,22651,10002,10.02795928,9.210540352,0.441569909,1.239476132,1.17
Battle of Orewin Bridge,State,Historical,Europe,1282,1282,1282,13460,2100,9.507477603,7.649692624,0.156017831,1.143160037,1.17
Battle of Oth_e,State,Historical,Europe,1408,1408,1408,12925,4000,9.466918699,8.29404964,0.309477756,1.216121721,1.17
Battle of Otterburn,State,Historical,Europe,1388,1388,1388,6100,2000,8.71604405,7.60090246,0.327868852,1.241363424,1.17
Battle of Patay,State,Historical,Europe,1429,1429,1429,7500,2600,8.9226583,7.863266724,0.346666667,1.24202252,1.17
Battle of Pavia,State,Historical,Europe,1525,1525,1525,46500,15500,10.74720759,9.648595303,0.333333333,1.197285064,1.17
Battle of Peteroa,State,Historical,Europe/South America,1556,1556,1556,740,222,6.606650186,5.402677382,0.3,1.304981036,1.17
Battle of Pinkie Cleugh,State,Historical,Europe,1547,1547,1547,44800,10000,10.70996342,9.210340372,0.223214286,1.160528352,1.17
Battle of Piperdean,State,Historical,Europe,1436,1436,1436,6500,1700,8.779557456,7.43838353,0.261538462,1.213872044,1.17
Battle of Plo_nik,State,Historical,Europe,1386,1386,1386,50000,16000,10.81977828,9.680344001,0.32,1.192188924,1.17
Battle of Plowce,State,Historical,Europe,1332,1332,1332,12000,4300,9.392661929,8.366370302,0.358333333,1.233435869,1.17
Battle of Poitiers,State,Historical,Europe,1356,1356,1356,17000,2600,9.740968623,7.863266724,0.152941176,1.137683836,1.17
Battle of Polonka,State,Historical,Europe,1661,1661,1661,21500,4500,9.975808214,8.411832676,0.209302326,1.165891349,1.17
Battle of Pontvallain,State,Historical,Europe,1370,1370,1370,11000,5300,9.305650552,8.5754621,0.481818182,1.267438301,1.17
Battle of Ponza,State,Historical,Europe,1435,1435,1435,8400,690,9.035986985,6.536691598,0.082142857,1.079634957,1.17
Battle of Portomaggiore,State,Historical,Europe,1395,1395,1395,11000,1100,9.305650552,7.003065459,0.1,1.098466059,1.17
Battle of Prostken,State,Historical,Europe,1656,1656,1656,12000,2750,9.392661929,7.919356191,0.229166667,1.185844024,1.17
Battle of Punta Quemada,State,Historical,Europe/South America,1525,1525,1525,370,105,5.913503006,4.65396035,0.283783784,1.331332066,1.17
Battle of Quipaipan,State,Historical,South America,1532,1532,1532,55000,25000,10.91508846,10.1266311,0.454545455,1.222665943,1.17
Battle of Rain,State,Historical,Europe,1632,1632,1632,65000,5000,11.08214255,8.517193191,0.076923077,1.059007224,1.17
Battle of Ravenna,State,Historical,Europe,1512,1512,1512,39000,13000,10.57131693,9.472704636,0.333333333,1.200567588,1.17
Battle of Rocroi,State,Historical,Europe,1643,1643,1643,50000,11000,10.81977828,9.305650552,0.22,1.157558505,1.17
Battle of Sablat,State,Historical,Europe,1619,1619,1619,8200,2150,9.011889433,7.673223121,0.262195122,1.208636549,1.17
Battle of Saint Omer,State,Historical,Europe,1340,1340,1340,16500,8150,9.71111566,9.005773206,0.493939394,1.258830546,1.17
Battle of Saint-Quentin,State,Historical,Europe,1557,1557,1557,96000,9500,11.47210347,9.159047078,0.098958333,1.078958443,1.17
Battle of Salher,State,Historical,South Asia,1672,1672,1672,75000,20000,11.22524339,9.903487553,0.266666667,1.169004797,1.17
Battle of Sarhu,State,Historical,East Asia,1619,1619,1619,176000,48500,12.07823927,10.78931908,0.275568182,1.159787829,1.17
Battle of Sark,State,Historical,Europe,1448,1448,1448,10000,3600,9.210340372,8.188689124,0.36,1.238560627,1.17
Battle of Sedgemoor,State,Historical,Europe,1685,1685,1685,7000,1820,8.853665428,7.50659178,0.26,1.211415508,1.17
Battle of Sempach,State,Historical,Europe,1386,1386,1386,11000,2500,9.305650552,7.824046011,0.227272727,1.186689934,1.17
Battle of Senefe,State,Historical,Europe,1674,1674,1674,106200,16600,11.57307939,9.717157974,0.156308851,1.117769382,1.17
Battle of Sezawa,State,Historical,East Asia,1542,1542,1542,15000,3500,9.61580548,8.160518247,0.233333333,1.183405186,1.17
Battle of Shrewsbury,State,Historical,Europe,1403,1403,1403,27000,5300,10.20359214,8.5754621,0.196296296,1.155900565,1.17
Battle of Sisak,State,Historical,Europe/West Asia,1593,1593,1593,19000,8500,9.852194258,9.047821442,0.447368421,1.245072615,1.17
Battle of Stadtlohn,State,Historical,Europe,1623,1623,1623,40000,14000,10.59663473,9.546812609,0.35,1.204692693,1.17
Battle of Steenkerke,State,Historical,Europe,1692,1692,1692,160000,18000,11.98292909,9.798127037,0.1125,1.086295576,1.17
Battle of Stoke Field,State,Historical,Europe,1487,1487,1487,20000,5000,9.903487553,8.517193191,0.25,1.185044052,1.17
Battle of Swiecino,State,Historical,Europe,1462,1462,1462,4700,1250,8.455317788,7.13089883,0.265957447,1.224055076,1.17
Battle of Talikota,State,Historical,South Asia,1565,1565,1565,260100,175000,12.46882145,12.07254125,0.672818147,1.226372287,1.17
Battle of Tenn_ji,State,Historical,East Asia,1615,1615,1615,200000,25000,12.20607265,10.1266311,0.125,1.093349787,1.17
Battle of the Boyne,State,Historical,Europe,1690,1690,1690,59500,2250,10.99373159,7.718685495,0.037815126,0.9948907,1.17
Battle of the Dunes,State,Historical,Europe,1658,1658,1658,29000,1400,10.27505111,7.244227516,0.048275862,1.018301829,1.17
Battle of the Golden Spurs,State,Historical,Europe,1302,1302,1302,17400,1100,9.764225485,7.003065459,0.063218391,1.046876816,1.17
Battle of the Shirts,Small Scale,Historical Small Scale,Europe,1544,1544,1544,800,787,6.684611728,6.668228248,0.98375,1.479084272,1.17
Battle of the Yellow Ford,State,Historical,Europe,1598,1598,1598,9000,1600,9.104979856,7.377758908,0.177777778,1.163828465,1.17
Battle of Toro,State,Historical,Europe,1476,1476,1476,16000,1500,9.680344001,7.313220387,0.09375,1.087987804,1.17
Battle of Towton,State,Historical,Europe,1461,1461,1461,60000,28000,11.00209984,10.23995979,0.466666667,1.22329699,1.17
Battle of Turnhout,State,Historical,Europe,1597,1597,1597,11300,2040,9.332558005,7.620705087,0.180530973,1.161480154,1.17
Battle of Uedahara,State,Historical,East Asia,1548,1548,1548,10000,820,9.210340372,6.70930434,0.082,1.077938465,1.17
Battle of Ula,State,Historical,Europe,1564,1564,1564,25500,1020,10.14643373,6.927557906,0.04,1,1.17
Battle of Umberkhind,State,Historical,South Asia,1661,1661,1661,36000,1050,10.49127422,6.956545443,0.029166667,0.969893748,1.17
Battle of Varna,State,Historical,Europe/West Asia,1444,1444,1444,52000,35000,10.858999,10.46310334,0.673076923,1.259966887,1.17
Battle of Vaslui,State,Historical,Europe/West Asia,1475,1475,1475,205800,49500,12.2346601,10.80972795,0.240524781,1.146627994,1.17
Battle of Verneuil,State,Historical,Europe,1424,1424,1424,24000,11600,10.08580911,9.358760377,0.483333333,1.247062686,1.17
Battle of Visby,State,Historical,Europe,1361,1361,1361,4250,2000,8.354674262,7.60090246,0.470588235,1.295056868,1.17
Battle of Vy_ehrad,State,Historical,Europe,1419,1419,1419,22500,530,10.02127059,6.272877007,0.023555556,0.947160617,1.17
Battle of Wakefield,State,Historical,Europe,1460,1460,1460,22000,1600,9.998797732,7.377758908,0.072727273,1.059790889,1.17
Battle of Wallhof,State,Historical,Europe,1626,1626,1626,5100,1010,8.536995819,6.91770561,0.198039216,1.18737102,1.17
Battle of Warsaw,State,Historical,Europe,1656,1656,1656,58000,4500,10.96819829,8.411832676,0.077586207,1.060402829,1.17
Battle of White Mountain,State,Historical,Europe,1620,1620,1620,42000,4700,10.6454249,8.455317788,0.111904762,1.096639517,1.17
Battle of Wimpfen,State,Historical,Europe,1622,1622,1622,26054,16200,10.16792659,9.692766521,0.621785522,1.269840241,1.17
Battle of Wisternitz,State,Historical,Europe,1619,1619,1619,13500,6700,9.510444964,8.809862805,0.496296296,1.264792412,1.17
Battle of Wittstock,State,Historical,Europe,1636,1636,1636,36600,8100,10.50780352,8.999619341,0.221311475,1.162802021,1.17
Battle of Worcester,State,Historical,Europe,1651,1651,1651,47000,3200,10.75790288,8.070906089,0.068085106,1.049440773,1.17
Battle of Worringen,State,Historical,Europe,1288,1288,1288,9000,1140,9.104979856,7.038783541,0.126666667,1.126598798,1.17
Battle of Yamazaki,State,Historical,Europe,1582,1582,1582,42500,6300,10.65725935,8.748304912,0.148235294,1.122913531,1.17
Beneventum,State,Historical,Europe/North Africa,-214,-214,-214,36200,20500,10.4968144,9.928180165,0.566298343,1.252480561,1.17
Beneventum 2,State,Historical,Europe/North Africa,-212,-212,-212,39000,10000,10.57131693,9.210340372,0.256410256,1.175749085,1.17
Biafra War,State,Contemporary,West Africa,1967,1970,1968.5,150000,1000000,11.91839057,13.81551056,6.666666667,1.429252237,1.17
Bosnian War (1991  - 1995),State,Contemporary,Europe,1991,1995,1993,357000,100000,12.78549106,11.51292546,0.280112045,1.152228039,1.17
Bosra,State,Historical,West Asia,634,634,634,16000,8130,9.680344001,9.003316203,0.508125,1.262578275,1.17
Butelezi,Small Scale,Ethnographic,South Africa,1810,1810,1810,600,50,6.396929655,3.912023005,0.083333333,1.114737728,1.17
Cahto-Yuki,Small Scale,Ethnographic,North America,1840,1840,1840,700,9,6.551080335,2.197224577,0.012857143,0.826749196,1.17
Camel,State,Historical,West Asia,656,656,656,50000,3000,10.81977828,8.006367568,0.06,1.037474438,1.17
Cannae,State,Historical,Europe/North Africa,-216,-216,-216,134000,61900,11.80559508,11.03327546,0.461940299,1.207237008,1.17
Canusium Carthage Rome,State,Historical,Europe/North Africa,-209,-209,-209,36000,14000,10.49127422,9.546812609,0.388888889,1.216791037,1.17
Cape Ecnomus,State,Historical,Europe/North Africa,-256,-256,-256,290000,45000,12.5776362,10.71441777,0.155172414,1.107783161,1.17
Capture of C‡diz,State,Historical,Europe,1596,1596,1596,19000,6000,9.852194258,8.699514748,0.315789474,1.209719405,1.17
Capture of Geertruidenberg 1,State,Historical,Europe,1573,1573,1573,470,164,6.152732695,5.099866428,0.34893617,1.35204025,1.17
Cartagena,State,Historical,Europe/North Africa,-209,-209,-209,38000,3600,10.54534144,8.188689124,0.094736842,1.081763451,1.17
Chaeronea ,State,Historical,Europe,-86,-86,-86,130000,111000,11.77528973,11.61728548,0.853846154,1.259940235,1.17
Changping,State,Historical,East Asia,-262,-260,-261,1000000,650000,13.81551056,13.38472764,0.65,1.201808894,1.17
Chinese Civil War,State,Contemporary,East Asia,1927,1949,1938,8300000,8000000,15.93176607,15.8949521,0.963855422,1.199730641,1.17
Cimbrian War,State,Historical,Europe,-113,-101,-107,650000,600000,13.38472764,13.30468493,0.923076923,1.234508553,1.17
Civetot,State,Historical,West Asia/Europe,1096,1096,1096,25000,17050,10.1266311,9.743905483,0.682,1.280068482,1.17
Clontarf,State,Historical,Europe,1014,1014,1014,13600,9000,9.517825072,9.104979856,0.661764706,1.294818468,1.17
Coronea ,State,Historical,Europe,-394,-394,-394,35000,950,10.46310334,6.856461985,0.027142857,0.962939721,1.17
Cremona ,State,Historical,Europe,-200,-200,-200,60400,37000,11.00874438,10.51867319,0.612582781,1.247876101,1.17
Ctesiphon,State,Historical,West Asia,363,363,363,160000,2570,11.98292909,7.851661178,0.0160625,0.923859009,1.17
Cynoscephalae,State,Historical,West Asia/Europe,-197,-197,-197,58000,10000,10.96819829,9.210340372,0.172413793,1.133204914,1.17
Delium,State,Historical,Europe,-424,-424,-424,33500,1700,10.41930072,7.43838353,0.050746269,1.022838254,1.17
Didao,State,Historical,East Asia,255,255,255,130000,32000,11.77528973,10.37349118,0.246153846,1.154312745,1.17
Dorostolon,State,Historical,West/Central Asia,971,971,971,80000,48000,11.28978191,10.77895629,0.6,1.239867362,1.17
Dorylaeum,State,Historical,West Asia/Europe,1097,1097,1097,32000,7000,10.37349118,8.853665428,0.21875,1.163787682,1.17
Dyrrhachium,State,Historical,Europe,1081,1081,1081,42500,15000,10.65725935,9.61580548,0.352941176,1.204313499,1.17
Emmaus ,State,Historical,West Asia,-166,-166,-166,8000,3100,8.987196821,8.03915739,0.3875,1.252674604,1.17
Eritrea ,State,Historical,Europe,-411,-411,-411,19000,5100,9.852194258,8.536995819,0.268421053,1.193223696,1.17
Fall of Constantinople,State,Historical,West Asia,1453,1453,1453,74500,19000,11.2185544,9.852194258,0.255033557,1.165129625,1.17
Fancheng,State,Historical,East Asia,219,219,219,170000,80000,12.04355372,11.28978191,0.470588235,1.204682445,1.17
Fei River,State,Historical,East Asia,383,383,383,950000,702000,13.76421726,13.46168868,0.738947368,1.211878902,1.17
First Battle of Guararapes,State,Historical,Europe,1648,1648,1648,7000,1080,8.853665428,6.98471632,0.154285714,1.152470943,1.17
First Battle of Newbury,State,Historical,Europe,1643,1643,1643,28500,2500,10.25765937,7.824046011,0.087719298,1.076553767,1.17
First Battle of St Albans,State,Historical,Europe,1455,1455,1455,6500,160,8.779557456,5.075173815,0.024615385,0.944700195,1.17
First Indochina War (1946  - 1954),State,Contemporary,South East Asia,1946,1954,1950,850000,400000,13.65299163,12.89921983,0.470588235,1.18055413,1.17
First Persian Invasion of Greece ,State,Historical,West Asia/Europe,-492,-490,-491,37000,8400,10.51867319,9.035986985,0.227027027,1.165057853,1.17
Fulford,State,Historical,Europe,1066,1066,1066,15000,1650,9.61580548,7.408530567,0.11,1.10520189,1.17
Gaixia,State,Historical,East Asia,-202,-202,-202,750000,230000,13.52782849,12.34583459,0.306666667,1.150569763,1.17
Gaugamela,State,Historical ,West Asia/Europe,-331,-331,-331,197000,41500,12.19095901,10.63344871,0.210659898,1.136278493,1.17
Gaza,State,Historical,West Asia/Europe,-332,-332,-332,60000,16000,11.00209984,9.680344001,0.266666667,1.172432537,1.17
Gettysburg ,State,Historical,North America,1863,1863,1863,150000,5745,11.91839057,8.65608519,0.0383,0.996356089,1.17
Gibeah ,State,Historical,West Asia,-1200,-1200,-1200,402600,65160,12.90569879,11.08460106,0.161847988,1.108307045,1.17
Gic Wars ,State,Historical,Europe,-58,-50,-54,480000,700000,13.08154138,13.45883561,1.458333333,1.274904153,1.17
Goguryeo-Sui War,State,Historical,East Asia,598,614,606,2300000,2000000,14.64841968,14.50865774,0.869565217,1.210201097,1.17
Gqokli (Zulu Ndwandwe),Small Scale,Ethnographic,South Africa,1818,1818,1818,17000,9500,9.740968623,9.159047078,0.558823529,1.270707604,1.17
Gqukli (Ndandwe),Small Scale,Ethnographic,South Africa,1818,1818,1818,12000,7500,9.392661929,8.9226583,0.625,1.292661677,1.17
Gqukli (Zulu),Small Scale,Ethnographic,South Africa,1818,1818,1818,5000,2000,8.517193191,7.60090246,0.4,1.270345528,1.17
Grumentum,State,Historical,Europe/North Africa,-207,-207,-207,11600,1300,9.358760377,7.170119543,0.112068966,1.11008242,1.17
Guiling,State,Historical,East Asia,-354,-353,-354,160000,30000,11.98292909,10.30895266,0.1875,1.128925022,1.17
Hastings,State,Historical,Europe,1066,1066,1066,20000,6000,9.903487553,8.699514748,0.3,1.203453885,1.17
Haugsnes,Small Scale,Historical Small Scale,Europe,1246,1246,1246,1100,110,7.003065459,4.700480366,0.1,1.130841378,1.17
Hazir,State,Historical,West Asia,637,637,637,87000,70500,11.3736634,11.16336799,0.810344828,1.264521668,1.17
Heraclea,State,Historical,Europe,-280,-280,-280,80700,11000,11.29849385,9.305650552,0.136307311,1.108512917,1.17
Herdonia,State,Historical,Europe/North Africa,-212,-212,-212,33000,16500,10.40426284,9.71111566,0.5,1.242759019,1.17
Himera ,State,Historical,Europe/North Africa,-480,-480,-480,71000,12300,11.17043516,9.417354541,0.173239437,1.131220959,1.17
Himera II,State,Historical,Europe/North Africa,-409,-409,-409,76000,12000,11.23848862,9.392661929,0.157894737,1.122173824,1.17
Hulao,State,Historical ,East Asia,621,621,621,150000,3500,11.91839057,8.160518247,0.023333333,0.954776067,1.17
Hwangsanbeol,State,Historical,East Asia,660,660,660,55000,12000,10.91508846,9.392661929,0.218181818,1.155422404,1.17
Hydaspes,State,Historical ,South Asia/Europe,-326,-326,-326,80000,13000,11.28978191,9.472704636,0.1625,1.124165246,1.17
Hyrba ,State,Historical,West Asia,-552,-552,-552,6300,400,8.748304912,5.991464547,0.063492063,1.052814284,1.17
Idomene,State,Historical,Europe,-426,-426,-426,13000,1400,9.472704636,7.244227516,0.107692308,1.104552896,1.17
Ilipa,State,Historical,Europe/North Africa,-206,-206,-206,102000,55000,11.53272809,10.91508846,0.539215686,1.225552547,1.17
Iran  - Iraq War/First Persian Gulf War,State,Contemporary,West Asia,1980,1988,1984,4900000,1000000,15.40474576,13.81551056,0.204081633,1.105788219,1.17
Iran Iraq War,State,Contemporary,West Asia,1980,1988,1895,2300000,530000,14.64841968,13.18063229,0.230434783,1.119541116,1.17
Issus,State,Historical,West Asia/Europe,-333,-333,-333,119850,27000,11.69399624,10.20359214,0.225281602,1.147808473,1.17
Japanese invasions of Korea,State,Historical,East Asia,1592,1598,1595,612100,1130000,13.32465095,13.93772819,1.846103578,1.287583749,1.17
Jingxing Pass,State,Historical,East Asia,-205,-205,-205,230000,155000,12.34583459,11.9511804,0.673913043,1.22875907,1.17
Julu ,State,Historical,East Asia,-207,-207,-207,260000,410000,12.46843691,12.92391244,1.576923077,1.29469222,1.17
Kalinga War ,State,Historical,South Asia,-262,-261,-262,470000,350000,13.06048797,12.76568843,0.744680851,1.223887215,1.17
Kanhe Slope,State,Historical,East Asia,385,385,385,123000,63000,11.71993963,11.05089001,0.512195122,1.217563083,1.17
Karbala,State,Historical,West Asia,680,680,680,5110,198,8.538954683,5.288267031,0.038747554,0.996274506,1.17
Kargil War (1999),State,Contemporary,South Asia,1999,1999,1999,35000,5600,10.46310334,8.630521877,0.16,1.132493613,1.17
Kolhapur,State,Historical,South Asia,1659,1659,1659,13500,8000,9.510444964,8.987196821,0.592592593,1.28343865,1.17
Korean War,State,Contemporary,East Asia,1950,1953,1951.5,2614814,1200000,14.77670352,13.99783211,0.458923656,1.165125084,1.17
La Noche Triste,State,Historical,Europe/North America,1520,1520,1520,71000,4300,11.17043516,8.366370302,0.06056338,1.037134719,1.17
Lade ,State,Historical,West Asia/Europe,-494,-494,-494,28950,9090,10.27332548,9.114930187,0.313989637,1.200566071,1.17
Lahad Datu standoff (2013),State,Contemporary,South East Asia,2013,2013,2013,6800,134,8.824677891,4.8978398,0.019705882,0.919774719,1.17
Lake Trasimene,State,Historical,Europe/North Africa,-217,-217,-217,85000,18000,11.35040654,9.798127037,0.211764706,1.146831422,1.17
Landskrona,State,Historical,Europe,1677,1677,1677,25000,4300,10.1266311,8.366370302,0.172,1.144037539,1.17
Langensalza,State,Historical,Europe,1075,1075,1075,32000,8625,10.37349118,9.062420242,0.26953125,1.183911554,1.17
Leuctra ,State,Historical,Europe,-371,-371,-371,17000,2800,9.740968623,7.937374696,0.164705882,1.145291701,1.17
Libyan Civil War (2011),State,Contemporary,North Africa,2011,2011,2011,247000,9400,12.41714362,9.148464968,0.03805668,0.995989188,1.17
Lize ,State,Historical,East Asia,-478,-478,-478,100000,43000,11.51292546,10.66895539,0.43,1.206281693,1.17
Mabila,State,Historical,Europe/North America,1540,1540,1540,3600,3000,8.188689124,8.006367568,0.833333333,1.370823,1.17
"Mae Enga ""Great Fights""",Small Scale,Ethnographic,Oceania,1930,1930,1930,2000,10,7.60090246,2.302585093,0.005,0.726421757,1.17
Mae Enga (One Clan),Small Scale,Ethnographic,Oceania,1971,1971,1971,70,1,4.248495242,0,0.014285714,0.757650801,1.17
Magnesia,State,Historical,West Asia/Europe,-190,-190,-190,100000,15000,11.51292546,9.61580548,0.15,1.114806254,1.17
Maling,State,Historical,East Asia,-342,-342,-342,900000,102100,13.71015004,11.533708,0.113444444,1.076033726,1.17
Manamba Maring,Small Scale,Ethnographic,East Africa,1956,1956,1956,180,27,5.192956851,3.295836866,0.15,1.254528562,1.17
Mantinea,State,Historical,Europe,-418,-418,-418,17000,1400,9.740968623,7.244227516,0.082352941,1.074133769,1.17
Maori,Small Scale,Ethnographic,Oceania,1771,1771,1771,60,10,4.094344562,2.302585093,0.166666667,1.348557952,1.17
Marathon ,State,Historical,Europe,-490,-490,-490,30000,6590,10.30895266,8.793308627,0.219666667,1.165218703,1.17
Masatfak Dani,Small Scale,Ethnographic,Oceania,1959,1959,1959,130,34,4.86753445,3.526360525,0.261538462,1.385760372,1.17
Massila,State,Historical,Europe,-49,-49,-49,23000,5100,10.04324949,8.536995819,0.22173913,1.170524704,1.17
Mediolanum,State,Historical,Europe,259,259,259,360000,305000,12.79385931,12.62806706,0.847222222,1.238636638,1.17
Medway,State,Historical,Europe,43,43,43,195000,5850,12.18075484,8.67419694,0.03,0.976382246,1.17
Megalopolis ,State,Historical ,West Asia/Europe,-331,-331,-331,62000,8800,11.03488966,9.082507,0.141935484,1.11477171,1.17
Meggido ,State,Historical,West Asia,-1457,-1457,-1457,27500,12300,10.22194128,9.417354541,0.447272727,1.236186945,1.17
Metaurus,State,Historical,Europe/North Africa,-207,-207,-207,77000,12000,11.2515607,9.392661929,0.155844156,1.120870081,1.17
Metetwa-Zulu (1810),Small Scale,Ethnographic,South Africa,1810,1810,1810,1800,20,7.495541944,2.995732274,0.011111111,0.829107241,1.17
Metetwa-Zulu (1813),Small Scale,Ethnographic,South Africa,1813,1813,1813,1800,149,7.495541944,5.003946306,0.082777778,1.097028366,1.17
Ming-Ho War,State,Historical,East Asia/SouthEast Asia,1406,1407,1407,350000,7000000,12.76568843,15.76142071,20,1.486821226,1.17
Ming-Mong Mao War,State,Historical,East Asia/SouthEast Asia,1386,1388,1387,230000,31600,12.34583459,10.3609124,0.137391304,1.099948985,1.17
Mobei,State,Historical,East Asia,-119,-119,-119,480000,110000,13.08154138,11.60823564,0.229166667,1.133437646,1.17
Modoc (average),Small Scale,Ethnographic,North America,1850,1850,1850,60,5,4.094344562,1.609437912,0.083333333,1.179264144,1.17
Mohacs,State,Historical,Europe/West Asia,1526,1526,1526,87500,18500,11.37939407,9.825526011,0.211428571,1.146317787,1.17
Mohave,Small Scale,Ethnographic,North America,1840,1850,1895,100,69,4.605170186,4.234106505,0.69,1.61839455,1.17
Mohave (average),Small Scale,Ethnographic,North America,1850,1850,1850,50,6,3.912023005,1.791759469,0.12,1.280829711,1.17
Mohave-Yuma,Small Scale,Ethnographic,North America,1857,1857,1857,282,140,5.641907071,4.941642423,0.496453901,1.446411319,1.17
Mongol Invasion of Rus,State,Historical,Europe/Central Asia,1223,1240,1232,135000,507000,11.81303006,13.13626628,3.755555556,1.384500169,1.17
Mons Graupius,State,Historical,Europe,83,84,84,46000,10360,10.73639668,9.245707516,0.225217391,1.16096524,1.17
Montaperti ,State,Historical,Europe,1260,1260,1260,40000,3100,10.59663473,8.03915739,0.0775,1.062415899,1.17
Mount Uhud,State,Historical ,West Asia,625,625,625,6954,112,8.847072313,4.718498871,0.016105838,0.897175293,1.17
Mount Zemaraim,State,Historical,West Asia,-913,-913,-913,120000,70000,11.69524702,11.15625052,0.583333333,1.229142601,1.17
Mozambican War of Independence (1964  - 1974),State,Contemporary,East Africa,1964,1974,1969,62500,88500,11.04292184,11.39075783,1.416,1.322986242,1.17
Mursa Major,State,Historical,Europe,351,351,351,95000,55000,11.46163217,10.91508846,0.578947368,1.233154587,1.17
Muye ,State,Historical,East Asia,-1046,-1046,-1046,112000,63000,11.62625415,11.05089001,0.5625,1.227374324,1.17
Mycale,State,Historical,West Asia/Europe,-479,-479,-479,100000,75000,11.51292546,11.22524339,0.75,1.254600254,1.17
Napoleonic Wars,State,Historical,Europe,1803,1815,1809,18000000,5000000,16.70588232,15.42494847,0.277777778,1.116003569,1.17
Ndnandwe,Small Scale,Ethnographic,South Africa,1813,1813,1813,2500,500,7.824046011,6.214608098,0.2,1.205704045,1.17
Nemea ,State,Historical,Europe,-394,-394,-394,42000,3900,10.6454249,8.268731832,0.092857143,1.079112179,1.17
Nga Pahi Maori,Small Scale,Ethnographic,Oceania,1807,1807,1807,500,170,6.214608098,5.135798437,0.34,1.344360598,1.17
Night Attack at T‰rgovi_te,State,Historical,Europe/West Asia,1462,1462,1462,135000,20000,11.81303006,9.903487553,0.148148148,1.110838059,1.17
Olpae,State,Historical,Europe,-426,-426,-426,15000,1300,9.61580548,7.170119543,0.086666667,1.080408229,1.17
Orchomenus,State,Historical,Europe,-85,-85,-85,96000,16000,11.47210347,9.680344001,0.166666667,1.124398839,1.17
Panipat I ,State,Historical,South Asia,1526,1526,1526,87000,20500,11.3736634,9.928180165,0.235632184,1.155920967,1.17
Panipat III,State,Historical,South Asia,1751,1751,1751,170000,115000,12.04355372,11.65268741,0.676470588,1.234815203,1.17
Panormus,State,Historical,Europe/North Africa,-251,-251,-251,81000,13500,11.30220443,9.510444964,0.166666667,1.12626885,1.17
Paraitakene,State,Historical ,West Asia,-317,-317,-317,85290,4240,11.35381249,8.352318548,0.049712745,1.019146157,1.17
Pawan Khind,State,Historical,South Asia,1659,1659,1659,10300,1600,9.239899174,7.377758908,0.155339806,1.146834455,1.17
Philippine  - American War (1899  - 1912),State,Historical,South America,1899,1912,1905.5,135000,234000,11.81303006,12.36307639,1.733333333,1.319047877,1.17
Plataea ,State,Historical,West Asia/Europe,-479,-479,-479,280000,100000,12.54254488,11.51292546,0.357142857,1.174546428,1.17
Po Vey,State,Historical,Europe/North Africa,-203,-203,-203,56000,7300,10.93310697,8.895629627,0.130357143,1.108056976,1.17
Potidaea,State,Historical,Europe,-432,-432,-432,7700,450,8.948975608,6.109247583,0.058441558,1.042367732,1.17
Pratapgarh,State,Historical,South Asia,1659,1659,1659,64585,6734,11.07573746,8.8149246,0.104265696,1.086501054,1.17
Punic War 1st,State,Historical,Europe/North Africa,-264,-241,-253,1147000,285000,13.9526604,12.56024446,0.248474281,1.13090406,1.17
Punic War 2nd,State,Historical,Europe/North Africa,-218,-201,-210,1518500,626000,14.23323356,13.34710565,0.41224893,1.163894445,1.17
Punic War 3rd,State,Historical,Europe/North Africa,-149,-146,-148,484000,367000,13.08984019,12.81311713,0.758264463,1.224766133,1.17
Pydna,State,Historical,Europe,-168,-168,-168,73000,26000,11.19821472,10.16585182,0.356164384,1.195255492,1.17
Ragamuffin War (1835  - 1845),State,Historical,South America,1835,1845,1840,36000,20000,10.49127422,9.903487553,0.555555556,1.250788332,1.17
Raphia,State,Historical,West Asia/North Africa,-217,-217,-217,143000,12500,11.87059991,9.433483923,0.087412587,1.06585681,1.17
Russia  - Georgia war (2008),State,Contemporary,Central Asia,2008,2008,2008,29500,2496,10.29214554,7.822444729,0.084610169,1.072790946,1.17
Sagrajas,State,Historical,Europe,1086,1086,1086,10000,5000,9.210340372,8.517193191,0.5,1.274227503,1.17
Saguntum,State,Historical,Europe/North Africa,-219,-219,-219,120000,110100,11.69524702,11.60914432,0.9175,1.267867205,1.17
Saule,State,Historical,Europe,1236,1236,1236,7500,3900,8.9226583,8.268731832,0.52,1.287464707,1.17
Second Anglo-Dutch War,State,Historical,Europe,1665,1667,1666,41250,12368,10.62740639,9.422867771,0.299830303,1.18954175,1.17
Second Battle of Guararapes,State,Historical,Europe,1649,1649,1649,6100,1090,8.71604405,6.993932975,0.178688525,1.171725239,1.17
Second Battle of Homs ,State,Historical,West Asia/Central Asia,1281,1281,1281,145000,62500,11.88448902,11.04292184,0.431034483,1.200034569,1.17
Second Battle of Moh‡cs,State,Historical,Europe/West Asia,1687,1687,1687,120000,10600,11.69524702,9.26860928,0.088333333,1.067740175,1.17
Second Battle of N_rdlingen,State,Historical,Europe,1645,1645,1645,29000,10000,10.27505111,9.210340372,0.344827586,1.209650061,1.17
Second Battle of Newbury,State,Historical,Europe,1644,1644,1644,27500,3500,10.22194128,8.160518247,0.127272727,1.113232189,1.17
Second Battle of St Albans,State,Historical,Europe,1461,1461,1461,25000,6000,10.1266311,8.699514748,0.24,1.176935394,1.17
Second Sino-Japanese War,State,Contemporary,East Asia,1937,1945,1941,18100000,25000000,16.7114225,17.03438638,1.38121547,1.211941246,1.17
Sentinum,State,Historical,Europe,-295,-295,-295,125000,33000,11.73606902,10.40426284,0.264,1.16079231,1.17
Siege of Baghdad,State,Historical,West Asia/Central Asia,1258,1258,1258,185000,501000,12.1281111,13.12436138,2.708108108,1.34755009,1.17
Siege of Breda,State,Historical,Europe,1624,1625,1624.5,39000,13000,10.57131693,9.472704636,0.333333333,1.200567588,1.17
Siege of Chittorgarh,State,Historical,South Asia,1567,1568,1568,88000,88000,11.38509209,11.38509209,1,1.282727254,1.17
Siege of Famagusta,State,Historical,Europe/West Asia,1570,1571,1570.5,208500,58500,12.24769432,10.97678203,0.28057554,1.159047367,1.17
Siege of Gravelines,State,Historical,Europe,1558,1558,1558,32000,12500,10.37349118,9.433483923,0.390625,1.21968193,1.17
Siege of Haarlem,State,Historical,Europe,1572,1573,1572.5,25275,7700,10.13757104,8.948975608,0.304648863,1.200272864,1.17
Siege of Haengju,State,Historical,East Asia,1593,1593,1593,23000,1130,10.04324949,7.029972912,0.049130435,1.020471386,1.17
Siege of Jerusalem,State,Historical,West Asia,70,70,70,105000,1100000,11.56171563,13.91082074,10.47619048,1.481587777,1.17
Siege of Kawagoe Castle,State,Historical,East Asia,1545,1546,1546,96000,15000,11.47210347,9.61580548,0.15625,1.118773147,1.17
Siege of Kazan ,State,Historical,Central Asia,1552,1552,1552,233000,80355,12.35879373,11.2942096,0.344871245,1.174312456,1.17
Siege of Leiden,State,Historical,Europe,1573,1574,1573.5,26000,2500,10.16585182,7.824046011,0.096153846,1.086276097,1.17
Siege of Malm_,State,Historical,Europe,1677,1677,1677,21000,4500,9.952277717,8.411832676,0.214285714,1.168647905,1.17
Siege of Metz France vs Holy Roman Empire,State,Historical,Europe,1552,1553,1553,116000,20000,11.66134547,9.903487553,0.172413793,1.12528725,1.17
Siege of Mirandola,State,Historical,Europe,1551,1552,1552,4400,2000,8.38935982,7.60090246,0.454545455,1.289702494,1.17
Siege of Namur,State,Historical,Europe,1692,1692,1692,126000,11000,11.74403719,9.305650552,0.087301587,1.066458338,1.17
Siege of Orleans,State,Historical,Europe,1428,1429,1429,14400,6000,9.574983486,8.699514748,0.416666667,1.244742677,1.17
Siege of Pilsen,State,Historical,Europe,1618,1618,1618,24158,3600,10.09237087,8.188689124,0.149018959,1.130315671,1.17
Siege of Rhodes,State,Historical,Europe,-305,-304,-305,41200,6700,10.62619354,8.809862805,0.162621359,1.131989417,1.17
Siege of Rhodes,State,Historical,Europe/West Asia,1480,1480,1480,36400,9500,10.50232405,9.159047078,0.260989011,1.178588933,1.17
Siege of Rhodes 2,State,Historical,Europe/West Asia,1522,1522,1522,207500,11000,12.24288662,9.305650552,0.053012048,1.023004359,1.17
Siege of Syracuse,State,Historical,Europe/North Africa,-214,-212,-213,41000,12000,10.62132735,9.392661929,0.292682927,1.18737869,1.17
Siege of Szigetv‡r,State,Historical,Europe/West Asia,1566,1566,1566,143000,28000,11.87059991,10.23995979,0.195804196,1.13379574,1.17
Siege of Tenochtitlan,State,Historical,Europe/North America,1521,1521,1521,281500,221000,12.54788773,12.30591798,0.785079929,1.237243602,1.17
Siege of Uehara,State,Historical,East Asia,1541,1541,1541,6000,310,8.699514748,5.736572297,0.051666667,1.02941927,1.17
Siege of Ulsan,State,Historical,East Asia,1597,1598,1597.5,78500,21200,11.2708539,9.961756461,0.270063694,1.169443983,1.17
Siege of Yodfat,State,Historical ,West Asia,67,67,67,102000,40100,11.53272809,10.59913161,0.393137255,1.198156007,1.17
Soviet war in Afghanistan,State,Contemporary,South Asia,1979,1989,1984,390000,1200000,12.87390202,13.99783211,3.076923077,1.337334082,1.17
Spanish Civil War (1936  - 1939),State,Contemporary,Europe,1936,1939,1937.5,1500000,500000,14.22097567,13.12236338,0.333333333,1.149094098,1.17
Spartalos ,State,Historical,Europe,-429,-429,-429,9400,750,9.148464968,6.620073207,0.079787234,1.075475401,1.17
Sphacteria,State,Historical,Europe,-425,-425,-425,11440,378,9.344871265,5.934894196,0.033041958,0.979550147,1.17
Sri Lankan Civil War (1983  - 2009),State,Contemporary,South Asia,1983,2009,1996,280000,100000,12.54254488,11.51292546,0.357142857,1.174546428,1.17
St. Matthew's Day,State,Historical,Europe,1217,1217,1217,9000,1100,9.104979856,7.003065459,0.122222222,1.122675881,1.17
Strasbourg,State,Historical,Europe,357,357,357,40000,8243,10.59663473,9.017119634,0.206075,1.154705788,1.17
Suiyang,State,Historical,East Asia,757,757,757,160000,94600,11.98292909,11.45741276,0.59125,1.224766371,1.17
Syme,State,Historical,Europe,-411,-411,-411,17000,3800,9.740968623,8.242756346,0.223529412,1.176641935,1.17
Syrian Civil War (2011  - present),State,Contemporary,West Asia,2011,2015,2013,597500,470000,13.30050956,13.06048797,0.786610879,1.223965422,1.17
Taiping Rebellion,State,Historical,East Asia,1850,1864,1857,1600000,50000000,14.28551419,17.72753356,31.25,1.466269195,1.17
Tarentum,State,Historical,Europe/North Africa,-212,-212,-212,25000,14200,10.1266311,9.560997244,0.568,1.262006381,1.17
Tarentum 2 ,State,Historical,Europe/North Africa,-209,-209,-209,36000,11300,10.49127422,9.332558005,0.313888889,1.196368865,1.17
Telamon,State,Historical,Europe,-225,-225,-225,145400,50000,11.88724384,10.81977828,0.343878955,1.180984784,1.17
the Granicus,State,Historical,West Asia/Europe,-334,-334,-334,62100,5000,11.03650127,8.517193191,0.080515298,1.063386732,1.17
The Iron Bridge,State,Historical,West Asia,637,637,637,42000,10500,10.6454249,9.259130536,0.25,1.172147329,1.17
The Saw,State,Historical,North Africa,-238,-238,-238,62000,46000,11.03488966,10.73639668,0.741935484,1.264649935,1.17
The Somme,State,Contemporary,Europe,1916,1916,1916,156000,21060,11.95761129,9.955130786,0.135,1.101725612,1.17
Thebes,State,Historical,Europe,-335,-335,-335,69000,6500,11.14186178,8.779557456,0.094202899,1.076878668,1.17
Thermopylae,State,Historical,West Asia/Europe,-480,-480,-480,187000,24000,12.1388639,10.08580911,0.128342246,1.096040375,1.17
Thermopylae 2,State,Historical,West Asia/Europe,-191,-191,-191,32500,11000,10.38899537,9.305650552,0.338461538,1.205557028,1.17
Ticinus,State,Historical,Europe/North Africa,-218,-218,-218,16300,2500,9.698920387,7.824046011,0.153374233,1.138572274,1.17
Tifernum,State,Historical,Europe,-297,-297,-297,45000,5400,10.71441777,8.594154233,0.12,1.102535883,1.17
Timurid Conquest,State,Historical,Global Conflict,1370,1405,1388,1500000,17000000,14.22097567,16.6487239,11.33333333,1.397063056,1.17
Tours,State,Historical,West Asia/Europe,732,732,732,65000,13500,11.08214255,9.510444964,0.207692308,1.148633555,1.17
Trebia,State,Historical,Europe/North Africa,-218,-218,-218,82000,37000,11.31447453,10.51867319,0.451219512,1.21415705,1.17
Ullais,State,Historical,West Asia,633,633,633,50000,37000,10.81977828,10.51867319,0.74,1.269670104,1.17
United States occupation of Veracruz (1914),State,Contemporary,North America,1914,1914,1914,3000,194,8.006367568,5.267858159,0.064666667,1.059998047,1.17
Vietnam War ,State,Contemporary,Global Conflict,1963,1975,1969,2273813,1387232,14.63696872,14.14282095,0.610090628,1.186153849,1.17
Walaja ,State,Historical,West Asia,633,633,633,55000,22000,10.91508846,9.998797732,0.4,1.210954323,1.17
War in Darfur (2003  - present),State,Contemporary,North Africa,2003,2015,2009,240000,461520,12.3883942,13.04228067,1.923,1.312612129,1.17
War of the Triple Alliance ,State,Historical,South America,1864,1870,1867,390000,440000,12.87390202,12.99453001,1.128205128,1.259401059,1.17
War of Transnistria  (1992),State,Contemporary,Europe,1992,1992,1992,48000,2237,10.77895629,7.712890961,0.046604167,1.014176743,1.17
Wesenberg,State,Historical,Europe,1268,1268,1268,50500,17000,10.82972862,9.740968623,0.336633663,1.196691525,1.17
World War I,State,Contemporary,Europe,1914,1918,1916,65050000,20000000,17.99066676,16.81124283,0.307455803,1.113361662,1.17
World War II,State,Contemporary,Global,1939,1945,1942,106600000,72500000,18.48459407,18.09909712,0.68011257,1.153283262,1.17
Yamama,State,Historical,West Asia,632,632,632,53000,23200,10.87804719,10.05190756,0.437735849,1.219960085,1.17
Yarmouk,State,Historical,West Asia,636,636,636,100000,53000,11.51292546,10.87804719,0.53,1.224443176,1.17
Yellow Turban Rebellion,State,Historical,East Asia,184,205,195,2350000,5000000,14.66992589,15.42494847,2.127659574,1.270887422,1.17
Yique,State,Historical,East Asia,-293,-293,-293,360000,158500,12.79385931,11.97350987,0.440277778,1.187474813,1.17
Yongqiu,State,Historical,East Asia,756,756,756,42000,20500,10.6454249,9.928180165,0.488095238,1.234995889,1.17
Zama ,State,Historical,Europe,-202,-202,-202,100000,22000,11.51292546,9.998797732,0.22,1.148072538,1.17
Zumail,State,Historical,West Asia,633,633,633,22500,5200,10.02127059,8.556413905,0.231111111,1.175029616,1.17
Zuolu,State,Historical,East Asia,-2500,-2500,-2500,42000,12100,10.6454249,9.400960732,0.288095238,1.185470442,1.17
